city,sample,altitude_m,city_type,city_type_3,city_type_6,try_dir,expert_mode,exclude_non_ground_targets,expert_id,expert_region,kind,total_pixels,b0,b1,b2,b3,b4,b5,b6,b7,b8,b9,b10,b11,b12,b13,b14,b15,b16,b17,b18,b19,b20,b21,b22,b23,b24,b25,b26,b27,b28,b29,b30,b31,b32,b33,b34,b35,b36,b37,b38,b39,b40,b41,b42,b43,b44,b45,b46,b47,b48,b49,b50,b51,b52,b53,b54,b55,b56,b57,b58,b59,b60,b61,b62,b63,b64,b65,b66,b67,b68,b69,b70,b71,b72,b73,b74,b75,b76,b77,b78,b79,b80,b81,b82,b83,b84,b85,b86,b87,b88,b89,b90,b91,b92,b93,b94,b95,b96,b97,b98,b99,b100,b101,b102,b103,b104,b105,b106,b107,b108,b109,b110,b111,b112,b113,b114,b115,b116,b117,b118,b119,b120,b121,b122,b123,b124,b125,b126,b127,b128,b129,b130,b131,b132,b133,b134,b135,b136,b137,b138,b139,b140,b141,b142,b143,b144,b145,b146,b147,b148,b149,b150,b151,b152,b153,b154,b155,b156,b157,b158,b159,b160,b161,b162,b163,b164,b165,b166,b167,b168,b169,b170,b171,b172,b173,b174,b175,b176,b177,b178,b179
Chiang Mai,sample_04436,60.050,mixed_midrise,mixed_midrise,mixed_compact_lowrise,TFGSeventyFourthTry74,3_experts,0,ground_truth,full,target_los,142221,0,0,0,0,0,0,0,0,0,0,0,0,0,0,0,0,0,0,0,0,0,0,0,0,0,0,0,0,0,0,0,0,0,0,0,0,0,0,0,0,0,0,0,0,0,0,0,0,0,0,0,0,0,0,0,0,0,0,0,0,0,0,0,0,0,0,0,0,0,0,0,0,0,0,0,0,0,1,14,19,75,518,670,1065,1414,1716,2331,2824,3681,5542,6393,8053,10098,11951,12713,11179,10733,9924,8271,6982,6282,5131,4520,4139,3315,1215,563,188,146,122,96,88,116,0,35,26,23,0,8,9,12,0,5,1,6,0,1,0,1,1,0,2,0,3,0,0,0,0,0,0,0,0,0,0,0,0,0,0,0,0,0,0,0,0,0,0,0,0,0,0,0,0,0,0,0,0,0,0,0,0,0,0,0,0,0,0,0,0,0,0
Chiang Mai,sample_04436,60.050,mixed_midrise,mixed_midrise,mixed_compact_lowrise,TFGSeventyFourthTry74,3_experts,0,ground_truth,full,target_nlos,14873,0,0,0,0,0,0,0,0,0,0,0,0,0,0,0,0,0,0,0,0,0,0,0,0,0,0,0,0,0,0,0,0,0,0,0,0,0,0,0,0,0,0,0,0,0,0,0,0,0,0,0,0,0,0,0,0,0,0,0,0,0,0,0,0,0,0,0,0,0,0,0,0,0,0,0,0,0,0,0,0,0,0,0,0,0,0,0,1,5,2,2,17,58,56,68,31,119,299,315,343,476,515,608,531,485,1377,1492,2415,1801,1952,1274,278,123,0,34,33,43,0,25,16,24,0,9,9,10,0,5,2,2,3,3,3,1,1,0,0,1,3,2,0,0,0,0,0,0,0,0,1,0,0,0,0,0,0,0,0,0,0,0,0,0,0,0,0,0,0,0,0,0,0,0,0,0,0,0,0,0,0,0,0
Chiang Mai,sample_04436,60.050,mixed_midrise,mixed_midrise,mixed_compact_lowrise,TFGSeventyFourthTry74,3_experts,0,band4555_allcity_los,los_only,pred_los,142221,0,0,0,0,0,0,0,0,0,0,0,0,0,0,0,0,0,0,0,0,0,0,0,0,0,0,0,0,0,0,0,0,0,0,0,0,0,0,0,0,0,0,0,0,0,0,0,0,0,0,0,0,0,0,1,0,0,1,0,0,0,0,0,1,0,1,1,1,1,1,4,6,2,4,3,5,2,12,17,8,14,20,200,976,1329,1683,1774,2537,3546,4068,4729,5565,9555,13946,14623,16128,21465,21594,11466,5000,1927,5,0,0,0,0,0,0,0,0,0,0,0,0,0,0,0,0,0,0,0,0,0,0,0,0,0,0,0,0,0,0,0,0,0,0,0,0,0,0,0,0,0,0,0,0,0,0,0,0,0,0,0,0,0,0,0,0,0,0,0,0,0,0,0,0,0,0,0,0,0,0,0,0,0,0,0,0,0,0
Chiang Mai,sample_04437,247.605,mixed_midrise,mixed_midrise,mixed_compact_lowrise,TFGSeventyFourthTry74,3_experts,0,ground_truth,full,target_los,185809,0,0,0,0,0,0,0,0,0,0,0,0,0,0,0,0,0,0,0,0,0,0,0,0,0,0,0,0,0,0,0,0,0,0,0,0,0,0,0,0,0,0,0,0,0,0,0,0,0,0,0,0,0,0,0,0,0,0,0,0,0,0,0,0,0,0,0,0,0,0,0,0,0,0,0,0,0,0,0,0,0,0,0,0,0,0,0,0,0,4,23,85,196,4575,13975,20379,23849,19271,16059,12921,12104,10672,7913,6491,5880,5320,5029,5211,5772,4905,3574,1093,247,0,65,41,47,0,19,22,17,0,6,8,11,0,4,3,6,3,2,0,2,2,1,0,0,1,0,0,0,0,0,0,0,0,0,0,0,1,0,0,0,0,0,0,0,0,0,0,0,0,0,0,0,0,0,0,0,0,0,0,0,0,0,0,0,0,0,0
Chiang Mai,sample_04437,247.605,mixed_midrise,mixed_midrise,mixed_compact_lowrise,TFGSeventyFourthTry74,3_experts,0,ground_truth,full,target_nlos,3146,0,0,0,0,0,0,0,0,0,0,0,0,0,0,0,0,0,0,0,0,0,0,0,0,0,0,0,0,0,0,0,0,0,0,0,0,0,0,0,0,0,0,0,0,0,0,0,0,0,0,0,0,0,0,0,0,0,0,0,0,0,0,0,0,0,0,0,0,0,0,0,0,0,0,0,0,0,0,0,0,0,0,0,0,0,0,0,0,0,0,0,0,0,0,0,0,0,0,16,1,9,36,16,122,108,248,444,727,567,632,151,68,0,0,1,0,0,0,0,0,0,0,0,0,0,0,0,0,0,0,0,0,0,0,0,0,0,0,0,0,0,0,0,0,0,0,0,0,0,0,0,0,0,0,0,0,0,0,0,0,0,0,0,0,0,0,0,0,0,0,0,0,0,0,0,0,0,0,0,0
Chiang Mai,sample_04437,247.605,mixed_midrise,mixed_midrise,mixed_compact_lowrise,TFGSeventyFourthTry74,3_experts,0,band4555_allcity_los,los_only,pred_los,185809,0,0,0,0,0,0,0,0,0,0,0,0,0,0,0,0,0,0,0,0,0,0,0,0,0,0,0,0,0,0,0,0,0,0,0,0,0,0,0,0,0,0,0,0,0,0,0,0,0,0,0,0,0,0,0,0,0,1,1,0,0,1,0,0,2,0,0,2,0,0,1,3,5,4,4,2,8,14,8,9,8,21,189,953,1428,1911,2196,3328,4144,4785,6320,8426,12042,16064,17038,20864,28001,28429,17862,8376,3349,10,0,0,0,0,0,0,0,0,0,0,0,0,0,0,0,0,0,0,0,0,0,0,0,0,0,0,0,0,0,0,0,0,0,0,0,0,0,0,0,0,0,0,0,0,0,0,0,0,0,0,0,0,0,0,0,0,0,0,0,0,0,0,0,0,0,0,0,0,0,0,0,0,0,0,0,0,0,0
Chiang Mai,sample_04438,37.063,mixed_midrise,mixed_midrise,mixed_compact_lowrise,TFGSeventyFourthTry74,3_experts,0,ground_truth,full,target_los,116136,0,0,0,0,0,0,0,0,0,0,0,0,0,0,0,0,0,0,0,0,0,0,0,0,0,0,0,0,0,0,0,0,0,0,0,0,0,0,0,0,0,0,0,0,0,0,0,0,0,0,0,0,0,0,0,0,0,0,0,0,0,0,0,0,0,0,0,0,0,0,0,0,0,0,3,17,110,221,334,411,554,667,918,1033,1295,1532,1969,2515,2952,3790,5095,6441,8141,9418,10742,10092,9044,7899,7664,5902,4992,3979,2701,1944,1313,794,621,398,285,127,86,41,55,0,13,9,5,0,2,3,4,0,0,0,3,0,0,0,1,0,0,0,1,0,0,0,0,0,0,0,0,0,0,0,0,0,0,0,0,0,0,0,0,0,0,0,0,0,0,0,0,0,0,0,0,0,0,0,0,0,0,0,0,0,0,0,0,0,0,0
Chiang Mai,sample_04438,37.063,mixed_midrise,mixed_midrise,mixed_compact_lowrise,TFGSeventyFourthTry74,3_experts,0,ground_truth,full,target_nlos,23388,0,0,0,0,0,0,0,0,0,0,0,0,0,0,0,0,0,0,0,0,0,0,0,0,0,0,0,0,0,0,0,0,0,0,0,0,0,0,0,0,0,0,0,0,0,0,0,0,0,0,0,0,0,0,0,0,0,0,0,0,0,0,0,0,0,0,0,0,0,0,0,0,0,0,0,0,0,0,0,0,0,0,0,1,1,1,9,11,6,0,4,35,71,101,93,15,122,158,379,397,476,683,878,643,999,1441,2575,3048,3253,3013,1681,1476,1153,0,334,72,95,0,30,26,31,0,12,15,26,0,3,4,4,1,1,2,3,0,0,1,1,0,0,2,1,0,0,0,0,0,0,0,0,0,1,0,0,0,0,0,0,0,0,0,0,0,0,0,0,0,0,0,0,0,0,0,0,0,0,0,0,0,0,0
Chiang Mai,sample_04438,37.063,mixed_midrise,mixed_midrise,mixed_compact_lowrise,TFGSeventyFourthTry74,3_experts,0,band4555_allcity_los,los_only,pred_los,116136,0,0,0,0,0,0,0,0,0,0,0,0,0,0,0,0,0,0,0,0,0,0,0,0,0,0,0,0,0,0,0,0,0,0,0,0,0,0,0,0,0,0,0,0,0,0,0,0,0,0,0,0,1,0,0,0,1,0,0,0,0,0,1,2,1,2,1,2,2,1,6,2,4,6,2,7,15,7,15,11,9,42,206,994,1245,1519,1652,2045,3009,3504,4251,4858,7316,11003,11866,13158,16953,16887,10014,4148,1364,4,0,0,0,0,0,0,0,0,0,0,0,0,0,0,0,0,0,0,0,0,0,0,0,0,0,0,0,0,0,0,0,0,0,0,0,0,0,0,0,0,0,0,0,0,0,0,0,0,0,0,0,0,0,0,0,0,0,0,0,0,0,0,0,0,0,0,0,0,0,0,0,0,0,0,0,0,0,0
Chiang Mai,sample_04439,107.746,mixed_midrise,mixed_midrise,mixed_compact_lowrise,TFGSeventyFourthTry74,3_experts,0,ground_truth,full,target_los,163891,0,0,0,0,0,0,0,0,0,0,0,0,0,0,0,0,0,0,0,0,0,0,0,0,0,0,0,0,0,0,0,0,0,0,0,0,0,0,0,0,0,0,0,0,0,0,0,0,0,0,0,0,0,0,0,0,0,0,0,0,0,0,0,0,0,0,0,0,0,0,0,0,0,0,0,0,0,0,0,0,0,0,1,17,45,136,1335,2443,3334,4672,7680,9730,11601,13932,16136,13571,12748,10839,9328,8326,6900,6201,5329,4761,4679,4033,3160,1769,515,132,94,78,111,0,48,34,54,0,22,25,29,0,7,7,8,0,5,5,5,4,1,0,0,1,0,0,0,0,0,0,0,0,0,0,0,0,0,0,0,0,0,0,0,0,0,0,0,0,0,0,0,0,0,0,0,0,0,0,0,0,0,0,0,0,0,0,0,0,0,0
Chiang Mai,sample_04439,107.746,mixed_midrise,mixed_midrise,mixed_compact_lowrise,TFGSeventyFourthTry74,3_experts,0,ground_truth,full,target_nlos,8340,0,0,0,0,0,0,0,0,0,0,0,0,0,0,0,0,0,0,0,0,0,0,0,0,0,0,0,0,0,0,0,0,0,0,0,0,0,0,0,0,0,0,0,0,0,0,0,0,0,0,0,0,0,0,0,0,0,0,0,0,0,0,0,0,0,0,0,0,0,0,0,0,0,0,0,0,0,0,0,0,0,0,0,0,0,0,0,0,0,0,2,2,0,3,38,28,10,40,64,94,230,386,570,467,617,708,978,1479,1496,920,56,27,31,0,18,8,24,0,8,8,10,0,1,3,5,0,3,0,0,1,0,2,1,1,0,1,0,0,0,0,0,0,0,0,0,0,0,0,0,0,0,0,0,0,0,0,0,0,0,0,0,0,0,0,0,0,0,0,0,0,0,0,0,0,0,0,0,0,0,0
Chiang Mai,sample_04439,107.746,mixed_midrise,mixed_midrise,mixed_compact_lowrise,TFGSeventyFourthTry74,3_experts,0,band4555_allcity_los,los_only,pred_los,163891,0,0,0,0,0,0,0,0,0,0,0,0,0,0,0,0,0,0,0,0,0,0,0,0,0,0,0,0,0,0,0,0,0,0,0,0,0,0,0,0,0,0,0,0,0,0,0,0,0,0,0,0,0,0,0,1,0,0,1,0,0,0,0,1,0,1,2,0,1,0,2,5,4,4,3,4,9,9,12,8,15,21,189,971,1388,1795,1963,3087,3927,4396,5305,7246,11394,15215,15456,18693,25525,24733,13631,6329,2537,8,0,0,0,0,0,0,0,0,0,0,0,0,0,0,0,0,0,0,0,0,0,0,0,0,0,0,0,0,0,0,0,0,0,0,0,0,0,0,0,0,0,0,0,0,0,0,0,0,0,0,0,0,0,0,0,0,0,0,0,0,0,0,0,0,0,0,0,0,0,0,0,0,0,0,0,0,0,0
Chiang Mai,sample_04440,149.380,mixed_midrise,mixed_midrise,mixed_compact_lowrise,TFGSeventyFourthTry74,3_experts,0,ground_truth,full,target_los,173643,0,0,0,0,0,0,0,0,0,0,0,0,0,0,0,0,0,0,0,0,0,0,0,0,0,0,0,0,0,0,0,0,0,0,0,0,0,0,0,0,0,0,0,0,0,0,0,0,0,0,0,0,0,0,0,0,0,0,0,0,0,0,0,0,0,0,0,0,0,0,0,0,0,0,0,0,0,0,0,0,0,0,0,0,0,5,19,89,332,2940,4973,8333,11786,14598,17444,17999,14086,13033,10616,9899,8319,6298,5688,5543,5109,4774,4345,3730,2317,722,138,89,133,0,45,49,67,0,28,13,32,0,8,9,9,0,4,4,0,4,3,1,3,2,1,1,1,0,0,0,0,0,2,0,0,0,0,0,0,0,0,0,0,0,0,0,0,0,0,0,0,0,0,0,0,0,0,0,0,0,0,0,0,0,0,0,0,0,0,0
Chiang Mai,sample_04440,149.380,mixed_midrise,mixed_midrise,mixed_compact_lowrise,TFGSeventyFourthTry74,3_experts,0,ground_truth,full,target_nlos,6267,0,0,0,0,0,0,0,0,0,0,0,0,0,0,0,0,0,0,0,0,0,0,0,0,0,0,0,0,0,0,0,0,0,0,0,0,0,0,0,0,0,0,0,0,0,0,0,0,0,0,0,0,0,0,0,0,0,0,0,0,0,0,0,0,0,0,0,0,0,0,0,0,0,0,0,0,0,0,0,0,0,0,0,0,0,0,0,0,0,0,0,0,0,1,0,4,17,13,18,48,91,133,220,447,335,723,758,1056,1737,532,36,12,23,0,6,9,19,0,7,9,4,0,2,0,2,0,1,0,0,1,1,0,1,0,0,0,0,1,0,0,0,0,0,0,0,0,0,0,0,0,0,0,0,0,0,0,0,0,0,0,0,0,0,0,0,0,0,0,0,0,0,0,0,0,0,0,0,0,0,0
Chiang Mai,sample_04440,149.380,mixed_midrise,mixed_midrise,mixed_compact_lowrise,TFGSeventyFourthTry74,3_experts,0,band4555_allcity_los,los_only,pred_los,173643,0,0,0,0,0,0,0,0,0,0,0,0,0,0,0,0,0,0,0,0,0,0,0,0,0,0,0,0,0,0,0,0,0,0,0,0,0,0,0,0,0,0,0,0,0,0,0,0,0,0,0,0,0,0,0,0,0,1,0,0,1,0,0,0,2,0,1,2,0,1,0,2,5,2,5,4,6,11,9,12,8,22,183,960,1412,1847,2043,3281,4032,4533,5806,7839,11797,15526,16243,19758,26531,26137,15481,7176,2956,8,0,0,0,0,0,0,0,0,0,0,0,0,0,0,0,0,0,0,0,0,0,0,0,0,0,0,0,0,0,0,0,0,0,0,0,0,0,0,0,0,0,0,0,0,0,0,0,0,0,0,0,0,0,0,0,0,0,0,0,0,0,0,0,0,0,0,0,0,0,0,0,0,0,0,0,0,0,0
Chiang Mai,sample_04441,38.386,mixed_midrise,mixed_midrise,mixed_compact_midrise,TFGSeventyFourthTry74,3_experts,0,ground_truth,full,target_los,111038,0,0,0,0,0,0,0,0,0,0,0,0,0,0,0,0,0,0,0,0,0,0,0,0,0,0,0,0,0,0,0,0,0,0,0,0,0,0,0,0,0,0,0,0,0,0,0,0,0,0,0,0,0,0,0,0,0,0,0,0,0,0,0,0,0,0,0,0,0,0,0,0,0,0,0,28,111,231,364,571,865,1076,1332,1519,2001,2374,2736,3371,3505,4137,4631,5565,6703,7970,9088,9785,7887,7335,7136,4822,3960,3299,2671,2098,1572,878,444,366,163,109,102,69,75,0,22,15,21,0,3,7,6,0,4,3,6,0,0,1,0,0,1,0,0,0,0,0,0,0,0,0,0,0,0,0,0,0,0,0,0,0,0,0,0,0,0,0,0,0,0,0,0,0,0,0,0,0,0,0,0,0,0,0,0,0,0,0,0,0,0,0
Chiang Mai,sample_04441,38.386,mixed_midrise,mixed_midrise,mixed_compact_midrise,TFGSeventyFourthTry74,3_experts,0,ground_truth,full,target_nlos,11667,0,0,0,0,0,0,0,0,0,0,0,0,0,0,0,0,0,0,0,0,0,0,0,0,0,0,0,0,0,0,0,0,0,0,0,0,0,0,0,0,0,0,0,0,0,0,0,0,0,0,0,0,0,0,0,0,0,0,0,0,0,0,0,0,0,0,0,0,0,0,0,0,0,0,0,0,0,0,0,0,0,0,0,0,0,0,0,0,0,0,6,12,20,34,62,98,99,157,127,498,815,371,901,1610,1330,852,888,1463,696,299,751,207,94,0,83,32,43,0,21,13,26,0,19,5,11,0,2,4,4,5,4,0,1,2,1,0,1,0,0,0,0,0,0,0,0,0,0,0,0,0,0,0,0,0,0,0,0,0,0,0,0,0,0,0,0,0,0,0,0,0,0,0,0,0,0,0,0,0,0,0
Chiang Mai,sample_04441,38.386,mixed_midrise,mixed_midrise,mixed_compact_midrise,TFGSeventyFourthTry74,3_experts,0,band4555_allcity_los,los_only,pred_los,111038,0,0,0,0,0,0,0,0,0,0,0,1,0,0,0,0,1,0,0,0,0,0,1,0,0,1,0,1,1,0,3,0,1,3,1,2,1,4,6,3,2,0,5,2,2,7,4,4,6,8,6,4,6,4,4,8,4,6,3,5,5,5,4,3,8,4,11,3,4,12,4,8,6,15,10,8,5,7,10,17,12,49,249,1204,1971,2383,2814,3159,3870,4657,5351,5578,6215,8581,8987,10362,13906,16422,10887,3480,632,0,0,0,0,0,0,0,0,0,0,0,0,0,0,0,0,0,0,0,0,0,0,0,0,0,0,0,0,0,0,0,0,0,0,0,0,0,0,0,0,0,0,0,0,0,0,0,0,0,0,0,0,0,0,0,0,0,0,0,0,0,0,0,0,0,0,0,0,0,0,0,0,0,0,0,0,0,0,0
Chiang Mai,sample_04442,119.609,mixed_midrise,mixed_midrise,mixed_compact_midrise,TFGSeventyFourthTry74,3_experts,0,ground_truth,full,target_los,147163,0,0,0,0,0,0,0,0,0,0,0,0,0,0,0,0,0,0,0,0,0,0,0,0,0,0,0,0,0,0,0,0,0,0,0,0,0,0,0,0,0,0,0,0,0,0,0,0,0,0,0,0,0,0,0,0,0,0,0,0,0,0,0,0,0,0,0,0,0,0,0,0,0,0,0,0,0,0,0,0,0,0,0,2,3,47,362,2542,4331,5445,6363,7707,9292,11522,13934,13564,11662,9768,8566,7214,5925,5281,4866,4112,3611,3484,3237,2551,800,196,149,121,157,0,58,56,89,0,30,31,30,0,6,8,14,0,6,5,4,1,3,1,1,0,3,1,0,0,0,0,2,0,0,0,0,0,0,0,0,0,0,0,0,0,0,0,0,0,0,0,0,0,0,0,0,0,0,0,0,0,0,0,0,0,0,0,0,0,0,0
Chiang Mai,sample_04442,119.609,mixed_midrise,mixed_midrise,mixed_compact_midrise,TFGSeventyFourthTry74,3_experts,0,ground_truth,full,target_nlos,10508,0,0,0,0,0,0,0,0,0,0,0,0,0,0,0,0,0,0,0,0,0,0,0,0,0,0,0,0,0,0,0,0,0,0,0,0,0,0,0,0,0,0,0,0,0,0,0,0,0,0,0,0,0,0,0,0,0,0,0,0,0,0,0,0,0,0,0,0,0,0,0,0,0,0,0,0,0,0,0,0,0,0,0,0,0,0,0,0,0,0,0,0,0,0,2,1,2,3,4,86,90,41,282,645,776,732,615,1667,802,953,2037,1612,126,0,4,3,15,0,2,0,3,0,0,1,0,0,0,0,1,0,0,0,0,0,0,2,1,0,0,0,0,0,0,0,0,0,0,0,0,0,0,0,0,0,0,0,0,0,0,0,0,0,0,0,0,0,0,0,0,0,0,0,0,0,0,0,0,0,0,0
Chiang Mai,sample_04442,119.609,mixed_midrise,mixed_midrise,mixed_compact_midrise,TFGSeventyFourthTry74,3_experts,0,band4555_allcity_los,los_only,pred_los,147163,0,0,0,0,0,0,0,0,0,0,0,0,0,0,1,0,0,0,0,0,0,0,0,0,1,0,1,1,0,1,0,0,0,0,1,1,0,2,0,1,0,0,0,0,3,2,3,2,5,3,2,4,3,3,3,1,1,3,4,1,3,5,2,3,3,9,4,4,4,8,6,7,8,14,17,11,8,20,10,16,11,19,204,1114,1983,2517,3140,3662,4363,5140,6530,7695,8524,10131,10748,13689,19993,24073,17092,5012,1304,4,0,0,0,0,0,0,0,0,0,0,0,0,0,0,0,0,0,0,0,0,0,0,0,0,0,0,0,0,0,0,0,0,0,0,0,0,0,0,0,0,0,0,0,0,0,0,0,0,0,0,0,0,0,0,0,0,0,0,0,0,0,0,0,0,0,0,0,0,0,0,0,0,0,0,0,0,0,0
Chiang Mai,sample_04443,157.968,mixed_midrise,mixed_midrise,mixed_compact_midrise,TFGSeventyFourthTry74,3_experts,0,ground_truth,full,target_los,153772,0,0,0,0,0,0,0,0,0,0,0,0,0,0,0,0,0,0,0,0,0,0,0,0,0,0,0,0,0,0,0,0,0,0,0,0,0,0,0,0,0,0,0,0,0,0,0,0,0,0,0,0,0,0,0,0,0,0,0,0,0,0,0,0,0,0,0,0,0,0,0,0,0,0,0,0,0,0,0,0,0,0,0,0,0,6,13,59,316,2435,5922,7584,9033,11595,14658,16497,13915,11171,9627,8252,6572,5963,5136,4773,4630,4058,3619,3313,2797,978,179,124,187,0,63,57,79,0,26,29,40,0,12,12,17,0,5,2,4,1,1,1,5,2,0,0,3,0,1,0,0,0,0,0,0,0,0,0,0,0,0,0,0,0,0,0,0,0,0,0,0,0,0,0,0,0,0,0,0,0,0,0,0,0,0,0,0,0,0,0
Chiang Mai,sample_04443,157.968,mixed_midrise,mixed_midrise,mixed_compact_midrise,TFGSeventyFourthTry74,3_experts,0,ground_truth,full,target_nlos,7492,0,0,0,0,0,0,0,0,0,0,0,0,0,0,0,0,0,0,0,0,0,0,0,0,0,0,0,0,0,0,0,0,0,0,0,0,0,0,0,0,0,0,0,0,0,0,0,0,0,0,0,0,0,0,0,0,0,0,0,0,0,0,0,0,0,0,0,0,0,0,0,0,0,0,0,0,0,0,0,0,0,0,0,0,0,0,0,0,0,0,0,0,0,0,0,0,0,6,4,7,55,59,224,314,617,821,475,2343,674,732,737,395,11,0,2,3,9,0,1,2,0,0,0,0,1,0,0,0,0,0,0,0,0,0,0,0,0,0,0,0,0,0,0,0,0,0,0,0,0,0,0,0,0,0,0,0,0,0,0,0,0,0,0,0,0,0,0,0,0,0,0,0,0,0,0,0,0,0,0,0
Chiang Mai,sample_04443,157.968,mixed_midrise,mixed_midrise,mixed_compact_midrise,TFGSeventyFourthTry74,3_experts,0,band4555_allcity_los,los_only,pred_los,153772,0,0,0,0,0,0,0,0,0,0,0,0,0,0,0,0,1,0,0,0,0,0,0,0,0,0,0,0,2,0,1,1,0,0,0,0,2,0,1,1,0,0,1,0,0,0,2,3,2,2,2,4,3,4,1,2,2,3,4,1,3,3,1,5,3,4,2,1,5,11,4,6,6,9,7,11,12,13,19,22,22,12,206,1099,2003,2523,3161,3712,4414,5318,6741,7799,8573,10481,11113,14768,21814,25443,17724,5223,1427,4,0,0,0,0,0,0,0,0,0,0,0,0,0,0,0,0,0,0,0,0,0,0,0,0,0,0,0,0,0,0,0,0,0,0,0,0,0,0,0,0,0,0,0,0,0,0,0,0,0,0,0,0,0,0,0,0,0,0,0,0,0,0,0,0,0,0,0,0,0,0,0,0,0,0,0,0,0,0
Chiang Mai,sample_04444,292.544,mixed_midrise,mixed_midrise,mixed_compact_midrise,TFGSeventyFourthTry74,3_experts,0,ground_truth,full,target_los,166418,0,0,0,0,0,0,0,0,0,0,0,0,0,0,0,0,0,0,0,0,0,0,0,0,0,0,0,0,0,0,0,0,0,0,0,0,0,0,0,0,0,0,0,0,0,0,0,0,0,0,0,0,0,0,0,0,0,0,0,0,0,0,0,0,0,0,0,0,0,0,0,0,0,0,0,0,0,0,0,0,0,0,0,0,0,0,0,0,0,0,2,26,218,462,2592,13787,19807,23916,16954,12906,11900,10182,8066,6679,5633,5311,4607,4424,4664,5118,4747,3250,843,0,65,46,77,0,23,28,29,0,12,8,14,0,4,4,2,2,1,3,1,1,0,0,1,1,1,0,1,0,0,0,0,0,0,0,0,0,0,0,0,0,0,0,0,0,0,0,0,0,0,0,0,0,0,0,0,0,0,0,0,0,0,0,0,0,0,0
Chiang Mai,sample_04444,292.544,mixed_midrise,mixed_midrise,mixed_compact_midrise,TFGSeventyFourthTry74,3_experts,0,ground_truth,full,target_nlos,3533,0,0,0,0,0,0,0,0,0,0,0,0,0,0,0,0,0,0,0,0,0,0,0,0,0,0,0,0,0,0,0,0,0,0,0,0,0,0,0,0,0,0,0,0,0,0,0,0,0,0,0,0,0,0,0,0,0,0,0,0,0,0,0,0,0,0,0,0,0,0,0,0,0,0,0,0,0,0,0,0,0,0,0,0,0,0,0,0,0,0,0,0,0,0,0,0,0,0,0,1,5,7,54,74,81,233,474,639,809,787,243,122,2,0,0,0,0,0,0,1,0,0,0,1,0,0,0,0,0,0,0,0,0,0,0,0,0,0,0,0,0,0,0,0,0,0,0,0,0,0,0,0,0,0,0,0,0,0,0,0,0,0,0,0,0,0,0,0,0,0,0,0,0,0,0,0,0,0,0,0
Chiang Mai,sample_04444,292.544,mixed_midrise,mixed_midrise,mixed_compact_midrise,TFGSeventyFourthTry74,3_experts,0,band4555_allcity_los,los_only,pred_los,166418,0,0,0,0,0,0,0,0,0,0,0,0,0,0,0,0,0,0,0,0,0,1,0,0,0,0,0,0,0,0,0,0,0,1,0,2,0,1,0,0,2,0,0,1,1,0,0,2,0,0,1,3,0,1,2,2,1,3,3,2,4,2,1,1,1,4,2,2,3,2,6,1,4,8,2,6,8,4,12,10,15,13,185,1079,2003,2549,3215,3714,4508,5576,7079,7905,9146,11065,12564,17230,23907,27672,19418,5839,1620,4,0,0,0,0,0,0,0,0,0,0,0,0,0,0,0,0,0,0,0,0,0,0,0,0,0,0,0,0,0,0,0,0,0,0,0,0,0,0,0,0,0,0,0,0,0,0,0,0,0,0,0,0,0,0,0,0,0,0,0,0,0,0,0,0,0,0,0,0,0,0,0,0,0,0,0,0,0,0
Chiang Mai,sample_04445,275.710,mixed_midrise,mixed_midrise,mixed_compact_midrise,TFGSeventyFourthTry74,3_experts,0,ground_truth,full,target_los,165238,0,0,0,0,0,0,0,0,0,0,0,0,0,0,0,0,0,0,0,0,0,0,0,0,0,0,0,0,0,0,0,0,0,0,0,0,0,0,0,0,0,0,0,0,0,0,0,0,0,0,0,0,0,0,0,0,0,0,0,0,0,0,0,0,0,0,0,0,0,0,0,0,0,0,0,0,0,0,0,0,0,0,0,0,0,0,0,0,0,1,2,92,304,648,7603,14820,21832,21135,15306,12488,11197,9349,7664,6275,5443,4926,4722,4354,4758,5030,4136,2416,420,0,50,47,86,0,28,17,30,0,8,8,12,0,5,5,3,3,1,2,3,2,2,0,0,0,1,0,1,0,1,2,0,0,0,0,0,0,0,0,0,0,0,0,0,0,0,0,0,0,0,0,0,0,0,0,0,0,0,0,0,0,0,0,0,0,0,0
Chiang Mai,sample_04445,275.710,mixed_midrise,mixed_midrise,mixed_compact_midrise,TFGSeventyFourthTry74,3_experts,0,ground_truth,full,target_nlos,3634,0,0,0,0,0,0,0,0,0,0,0,0,0,0,0,0,0,0,0,0,0,0,0,0,0,0,0,0,0,0,0,0,0,0,0,0,0,0,0,0,0,0,0,0,0,0,0,0,0,0,0,0,0,0,0,0,0,0,0,0,0,0,0,0,0,0,0,0,0,0,0,0,0,0,0,0,0,0,0,0,0,0,0,0,0,0,0,0,0,0,0,0,0,0,0,0,0,0,0,0,8,2,135,62,84,349,438,741,854,649,277,31,0,0,1,1,1,0,0,1,0,0,0,0,0,0,0,0,0,0,0,0,0,0,0,0,0,0,0,0,0,0,0,0,0,0,0,0,0,0,0,0,0,0,0,0,0,0,0,0,0,0,0,0,0,0,0,0,0,0,0,0,0,0,0,0,0,0,0,0
Chiang Mai,sample_04445,275.710,mixed_midrise,mixed_midrise,mixed_compact_midrise,TFGSeventyFourthTry74,3_experts,0,band4555_allcity_los,los_only,pred_los,165238,0,0,0,0,0,0,0,0,0,0,0,0,0,0,0,0,0,0,0,1,0,0,0,0,0,0,0,0,0,0,0,1,0,1,1,1,0,0,0,2,0,1,1,0,0,0,2,0,0,3,2,1,1,1,3,3,1,5,3,0,2,1,2,3,4,2,2,3,2,4,6,4,2,7,5,6,9,13,6,11,19,16,197,1082,2015,2540,3213,3721,4488,5548,7078,7874,9071,11023,12440,17009,23785,27406,19278,5731,1572,4,0,0,0,0,0,0,0,0,0,0,0,0,0,0,0,0,0,0,0,0,0,0,0,0,0,0,0,0,0,0,0,0,0,0,0,0,0,0,0,0,0,0,0,0,0,0,0,0,0,0,0,0,0,0,0,0,0,0,0,0,0,0,0,0,0,0,0,0,0,0,0,0,0,0,0,0,0,0
Chiang Mai,sample_04446,24.806,mixed_midrise,mixed_midrise,dense_block_midrise,TFGSeventyFourthTry74,3_experts,0,ground_truth,full,target_los,10916,0,0,0,0,0,0,0,0,0,0,0,0,0,0,0,0,0,0,0,0,0,0,0,0,0,0,0,0,0,0,0,0,0,0,0,0,0,0,0,0,0,0,0,0,0,0,0,0,0,0,0,0,0,0,0,0,0,0,0,0,0,0,0,0,0,0,0,1,1,5,14,24,36,80,96,114,114,116,118,135,176,184,194,218,278,293,308,325,335,385,468,500,593,930,777,822,627,522,439,418,442,220,120,112,77,57,54,49,30,27,15,17,15,0,11,6,5,0,1,1,7,0,0,0,1,0,0,1,1,0,1,0,0,0,0,0,0,0,0,0,0,0,0,0,0,0,0,0,0,0,0,0,0,0,0,0,0,0,0,0,0,0,0,0,0,0,0,0,0,0,0,0,0,0,0,0,0,0,0,0
Chiang Mai,sample_04446,24.806,mixed_midrise,mixed_midrise,dense_block_midrise,TFGSeventyFourthTry74,3_experts,0,ground_truth,full,target_nlos,20556,0,0,0,0,0,0,0,0,0,0,0,0,0,0,0,0,0,0,0,0,0,0,0,0,0,0,0,0,0,0,0,0,0,0,0,0,0,0,0,0,0,0,0,0,0,0,0,0,0,0,0,0,0,0,0,0,0,0,0,0,0,0,0,0,0,0,0,0,0,0,0,0,0,0,0,0,0,0,0,1,0,0,0,0,0,0,1,1,4,7,62,113,154,184,141,94,244,349,608,1020,1235,1018,1396,1548,756,453,886,741,1756,2611,2127,1553,1299,0,54,34,36,0,18,10,16,0,5,3,2,0,4,2,0,1,2,0,0,0,4,0,1,1,0,0,0,0,1,0,0,0,0,0,0,0,0,0,0,0,0,0,0,0,0,0,0,0,0,0,0,0,0,0,0,0,0,0,0,0,0,0,0,0,0,0
Chiang Mai,sample_04446,24.806,mixed_midrise,mixed_midrise,dense_block_midrise,TFGSeventyFourthTry74,3_experts,0,band4555_allcity_los,los_only,pred_los,10916,0,0,0,0,0,0,0,0,0,0,0,0,0,0,0,0,0,0,0,0,0,0,0,0,0,0,0,0,0,0,0,0,0,0,0,0,0,0,0,0,0,0,0,0,0,0,0,1,0,0,0,0,0,0,0,1,0,0,0,0,0,0,0,1,2,1,0,2,3,4,2,3,3,7,5,2,5,3,9,4,21,107,193,505,349,325,361,454,557,748,673,491,249,493,517,725,1825,1693,569,3,0,0,0,0,0,0,0,0,0,0,0,0,0,0,0,0,0,0,0,0,0,0,0,0,0,0,0,0,0,0,0,0,0,0,0,0,0,0,0,0,0,0,0,0,0,0,0,0,0,0,0,0,0,0,0,0,0,0,0,0,0,0,0,0,0,0,0,0,0,0,0,0,0,0,0,0,0,0,0,0
Chiang Mai,sample_04447,311.638,mixed_midrise,mixed_midrise,dense_block_midrise,TFGSeventyFourthTry74,3_experts,0,ground_truth,full,target_los,121934,0,0,0,0,0,0,0,0,0,0,0,0,0,0,0,0,0,0,0,0,0,0,0,0,0,0,0,0,0,0,0,0,0,0,0,0,0,0,0,0,0,0,0,0,0,0,0,0,0,0,0,0,0,0,0,0,0,0,0,0,0,0,0,0,0,0,0,0,0,0,0,0,0,0,0,0,0,0,0,0,0,0,0,0,0,0,0,0,0,0,0,9,94,392,1034,6769,13075,16132,13054,10365,10570,9418,7427,5286,4310,3829,3345,3073,2973,2972,3549,2399,1159,0,151,129,147,0,45,43,53,0,31,21,30,0,10,6,10,3,2,2,4,4,4,0,1,2,0,1,0,0,0,0,0,0,0,0,1,0,0,0,0,0,0,0,0,0,0,0,0,0,0,0,0,0,0,0,0,0,0,0,0,0,0,0,0,0,0,0
Chiang Mai,sample_04447,311.638,mixed_midrise,mixed_midrise,dense_block_midrise,TFGSeventyFourthTry74,3_experts,0,ground_truth,full,target_nlos,10314,0,0,0,0,0,0,0,0,0,0,0,0,0,0,0,0,0,0,0,0,0,0,0,0,0,0,0,0,0,0,0,0,0,0,0,0,0,0,0,0,0,0,0,0,0,0,0,0,0,0,0,0,0,0,0,0,0,0,0,0,0,0,0,0,0,0,0,0,0,0,0,0,0,0,0,0,0,0,0,0,0,0,0,0,0,0,0,0,0,0,0,0,0,0,0,0,0,5,7,23,25,60,202,408,670,757,1123,2111,1992,1332,903,551,114,0,6,6,4,0,4,3,3,0,0,0,0,0,1,0,0,1,0,0,1,0,1,1,0,0,0,0,0,0,0,0,0,0,0,0,0,0,0,0,0,0,0,0,0,0,0,0,0,0,0,0,0,0,0,0,0,0,0,0,0,0,0,0,0,0,0,0
Chiang Mai,sample_04447,311.638,mixed_midrise,mixed_midrise,dense_block_midrise,TFGSeventyFourthTry74,3_experts,0,band4555_allcity_los,los_only,pred_los,121934,0,0,0,0,0,0,0,0,0,0,0,0,0,0,0,0,0,0,0,0,0,0,0,0,0,0,0,0,0,0,0,0,0,0,0,0,0,0,0,0,0,0,0,0,0,0,0,0,0,0,0,0,0,0,0,0,1,1,0,3,1,0,2,1,0,2,3,2,0,0,1,1,3,5,8,4,3,7,14,14,24,32,127,697,998,1794,2354,3099,4064,4412,5220,5269,6185,8944,9793,12690,19443,17440,13556,4812,903,2,0,0,0,0,0,0,0,0,0,0,0,0,0,0,0,0,0,0,0,0,0,0,0,0,0,0,0,0,0,0,0,0,0,0,0,0,0,0,0,0,0,0,0,0,0,0,0,0,0,0,0,0,0,0,0,0,0,0,0,0,0,0,0,0,0,0,0,0,0,0,0,0,0,0,0,0,0,0
Chiang Mai,sample_04448,85.318,mixed_midrise,mixed_midrise,dense_block_midrise,TFGSeventyFourthTry74,3_experts,0,ground_truth,full,target_los,65921,0,0,0,0,0,0,0,0,0,0,0,0,0,0,0,0,0,0,0,0,0,0,0,0,0,0,0,0,0,0,0,0,0,0,0,0,0,0,0,0,0,0,0,0,0,0,0,0,0,0,0,0,0,0,0,0,0,0,0,0,0,0,0,0,0,0,0,0,0,0,0,0,0,0,0,0,0,0,0,0,0,7,37,77,702,1274,1761,2128,2537,2919,3405,3739,4571,4967,5600,5395,4869,4224,4073,2887,2360,1852,1412,1194,963,847,663,337,225,169,145,99,188,0,73,45,76,0,23,24,24,0,6,4,7,0,2,2,3,2,0,2,1,0,0,1,0,0,0,0,0,0,0,0,0,0,0,0,0,0,0,0,0,0,0,0,0,0,0,0,0,0,0,0,0,0,0,0,0,0,0,0,0,0,0,0,0,0,0,0
Chiang Mai,sample_04448,85.318,mixed_midrise,mixed_midrise,dense_block_midrise,TFGSeventyFourthTry74,3_experts,0,ground_truth,full,target_nlos,33599,0,0,0,0,0,0,0,0,0,0,0,0,0,0,0,0,0,0,0,0,0,0,0,0,0,0,0,0,0,0,0,0,0,0,0,0,0,0,0,0,0,0,0,0,0,0,0,0,0,0,0,0,0,0,0,0,0,0,0,0,0,0,0,0,0,0,0,0,0,0,0,0,0,0,0,0,0,0,0,0,0,0,0,0,0,0,0,0,0,4,6,35,61,229,181,197,172,216,463,771,1020,1540,1859,1795,2364,2201,2752,3149,4517,3439,2284,980,2190,0,363,369,184,0,67,33,59,0,19,16,26,0,6,12,7,6,1,2,0,0,2,1,0,0,0,0,0,0,0,0,0,0,1,0,0,0,0,0,0,0,0,0,0,0,0,0,0,0,0,0,0,0,0,0,0,0,0,0,0,0,0,0,0,0,0,0
Chiang Mai,sample_04448,85.318,mixed_midrise,mixed_midrise,dense_block_midrise,TFGSeventyFourthTry74,3_experts,0,band4555_allcity_los,los_only,pred_los,65921,0,0,0,0,0,0,0,0,0,0,0,0,0,0,0,0,0,0,0,0,0,0,0,0,0,0,0,0,0,0,0,0,0,0,0,0,0,0,0,0,0,0,0,0,0,0,0,0,0,0,0,0,0,0,0,0,0,0,0,0,0,1,1,1,0,0,0,1,0,1,1,3,2,2,2,3,4,5,4,10,9,13,195,725,929,1080,1836,2402,3489,3046,3705,3748,3362,5104,5308,5985,9603,8376,4562,2186,217,0,0,0,0,0,0,0,0,0,0,0,0,0,0,0,0,0,0,0,0,0,0,0,0,0,0,0,0,0,0,0,0,0,0,0,0,0,0,0,0,0,0,0,0,0,0,0,0,0,0,0,0,0,0,0,0,0,0,0,0,0,0,0,0,0,0,0,0,0,0,0,0,0,0,0,0,0,0,0
Chiang Mai,sample_04449,198.965,mixed_midrise,mixed_midrise,dense_block_midrise,TFGSeventyFourthTry74,3_experts,0,ground_truth,full,target_los,102485,0,0,0,0,0,0,0,0,0,0,0,0,0,0,0,0,0,0,0,0,0,0,0,0,0,0,0,0,0,0,0,0,0,0,0,0,0,0,0,0,0,0,0,0,0,0,0,0,0,0,0,0,0,0,0,0,0,0,0,0,0,0,0,0,0,0,0,0,0,0,0,0,0,0,0,0,0,0,0,0,0,0,0,0,0,0,1,4,30,121,466,2779,6198,7527,9284,10424,10215,9184,7667,6846,5875,4414,3735,3189,2911,2589,2472,2051,1617,1187,507,236,303,0,113,101,152,0,73,37,59,0,21,20,29,0,8,3,9,6,4,1,6,3,0,1,2,1,2,0,0,0,0,0,1,0,0,1,0,0,0,0,0,0,0,0,0,0,0,0,0,0,0,0,0,0,0,0,0,0,0,0,0,0,0,0,0,0,0,0
Chiang Mai,sample_04449,198.965,mixed_midrise,mixed_midrise,dense_block_midrise,TFGSeventyFourthTry74,3_experts,0,ground_truth,full,target_nlos,16569,0,0,0,0,0,0,0,0,0,0,0,0,0,0,0,0,0,0,0,0,0,0,0,0,0,0,0,0,0,0,0,0,0,0,0,0,0,0,0,0,0,0,0,0,0,0,0,0,0,0,0,0,0,0,0,0,0,0,0,0,0,0,0,0,0,0,0,0,0,0,0,0,0,0,0,0,0,0,0,0,0,0,0,0,0,0,0,0,0,0,0,0,0,2,4,11,26,49,176,126,283,570,511,1124,1207,2033,1871,2649,2173,1607,519,317,1183,0,14,26,23,0,9,16,15,0,2,4,7,0,3,1,2,1,1,1,1,0,0,0,1,1,0,0,0,0,0,0,0,0,0,0,0,0,0,0,0,0,0,0,0,0,0,0,0,0,0,0,0,0,0,0,0,0,0,0,0,0,0,0,0,0,0,0
Chiang Mai,sample_04449,198.965,mixed_midrise,mixed_midrise,dense_block_midrise,TFGSeventyFourthTry74,3_experts,0,band4555_allcity_los,los_only,pred_los,102485,0,0,0,0,0,0,0,0,0,0,0,0,0,0,0,0,0,0,0,0,0,0,0,0,0,0,0,0,0,0,0,0,0,0,0,0,0,0,0,0,0,0,0,0,0,0,0,0,0,0,0,0,0,0,0,0,0,0,1,0,1,2,1,1,1,2,1,2,1,2,0,1,2,1,5,2,6,5,7,13,20,29,143,715,953,1671,2255,2965,3907,4070,4854,4819,5133,7882,8229,10927,16169,14265,9057,3881,483,1,0,0,0,0,0,0,0,0,0,0,0,0,0,0,0,0,0,0,0,0,0,0,0,0,0,0,0,0,0,0,0,0,0,0,0,0,0,0,0,0,0,0,0,0,0,0,0,0,0,0,0,0,0,0,0,0,0,0,0,0,0,0,0,0,0,0,0,0,0,0,0,0,0,0,0,0,0,0
Chiang Mai,sample_04450,62.864,mixed_midrise,mixed_midrise,dense_block_midrise,TFGSeventyFourthTry74,3_experts,0,ground_truth,full,target_los,51658,0,0,0,0,0,0,0,0,0,0,0,0,0,0,0,0,0,0,0,0,0,0,0,0,0,0,0,0,0,0,0,0,0,0,0,0,0,0,0,0,0,0,0,0,0,0,0,0,0,0,0,0,0,0,0,0,0,0,0,0,0,0,0,0,0,0,0,0,0,0,0,0,0,0,0,0,0,0,4,18,52,239,441,718,985,1320,1637,1878,2166,2307,2497,2910,3530,4047,3991,3856,3623,3265,2987,2334,1719,1222,994,817,621,426,284,189,132,115,91,75,59,0,22,18,28,0,8,5,9,0,4,5,4,0,0,1,2,1,0,0,1,0,0,1,0,0,0,0,0,0,0,0,0,0,0,0,0,0,0,0,0,0,0,0,0,0,0,0,0,0,0,0,0,0,0,0,0,0,0,0,0,0,0,0,0,0,0,0
Chiang Mai,sample_04450,62.864,mixed_midrise,mixed_midrise,dense_block_midrise,TFGSeventyFourthTry74,3_experts,0,ground_truth,full,target_nlos,38453,0,0,0,0,0,0,0,0,0,0,0,0,0,0,0,0,0,0,0,0,0,0,0,0,0,0,0,0,0,0,0,0,0,0,0,0,0,0,0,0,0,0,0,0,0,0,0,0,0,0,0,0,0,0,0,0,0,0,0,0,0,0,0,0,0,0,0,0,0,0,0,0,0,0,0,0,0,0,0,0,0,0,0,0,0,0,0,0,3,23,80,89,71,128,145,137,306,450,836,948,1217,1656,2045,2052,2532,1898,2936,3405,5583,4719,3318,1576,822,0,196,717,338,0,50,21,47,0,17,18,16,0,10,7,9,5,2,5,4,2,2,4,0,3,1,1,3,0,0,0,0,0,0,0,0,0,0,0,0,0,0,0,0,0,0,0,0,0,0,0,0,0,0,0,0,0,0,0,0,0,0,0,0,0,0,0
Chiang Mai,sample_04450,62.864,mixed_midrise,mixed_midrise,dense_block_midrise,TFGSeventyFourthTry74,3_experts,0,band4555_allcity_los,los_only,pred_los,51658,0,0,0,0,0,0,0,0,0,0,0,0,0,0,0,0,0,0,0,0,0,0,0,0,0,0,0,0,0,0,0,0,0,0,0,0,0,0,0,0,0,0,0,0,0,0,0,0,0,0,0,0,0,0,0,0,0,0,0,0,0,0,0,0,2,0,0,0,1,1,1,2,1,1,1,3,5,5,2,7,10,18,207,729,904,968,1317,1788,3265,2700,2961,3042,2926,3954,3971,4651,6908,6627,2563,1908,209,0,0,0,0,0,0,0,0,0,0,0,0,0,0,0,0,0,0,0,0,0,0,0,0,0,0,0,0,0,0,0,0,0,0,0,0,0,0,0,0,0,0,0,0,0,0,0,0,0,0,0,0,0,0,0,0,0,0,0,0,0,0,0,0,0,0,0,0,0,0,0,0,0,0,0,0,0,0,0
Chiang Mai,sample_04451,116.500,open_lowrise,open_lowrise,mixed_compact_midrise,TFGSeventyFourthTry74,3_experts,0,ground_truth,full,target_los,153307,0,0,0,0,0,0,0,0,0,0,0,0,0,0,0,0,0,0,0,0,0,0,0,0,0,0,0,0,0,0,0,0,0,0,0,0,0,0,0,0,0,0,0,0,0,0,0,0,0,0,0,0,0,0,0,0,0,0,0,0,0,0,0,0,0,0,0,0,0,0,0,0,0,0,0,0,0,0,0,0,0,0,0,0,0,0,0,152,1399,3398,5369,7845,9551,11704,14545,14809,13225,11292,10338,8667,7242,6132,5202,4802,4485,4024,3957,3029,1179,211,155,119,174,0,58,45,75,0,23,14,30,0,22,11,7,0,3,3,3,1,3,0,1,1,1,0,0,1,0,0,0,0,0,0,0,0,0,0,0,0,0,0,0,0,0,0,0,0,0,0,0,0,0,0,0,0,0,0,0,0,0,0,0,0,0,0,0,0,0,0
Chiang Mai,sample_04451,116.500,open_lowrise,open_lowrise,mixed_compact_midrise,TFGSeventyFourthTry74,3_experts,0,ground_truth,full,target_nlos,7409,0,0,0,0,0,0,0,0,0,0,0,0,0,0,0,0,0,0,0,0,0,0,0,0,0,0,0,0,0,0,0,0,0,0,0,0,0,0,0,0,0,0,0,0,0,0,0,0,0,0,0,0,0,0,0,0,0,0,0,0,0,0,0,0,0,0,0,0,0,0,0,0,0,0,0,0,0,0,0,0,0,0,0,0,0,0,0,0,0,0,0,0,0,0,0,0,0,0,0,0,17,25,9,833,523,132,813,612,868,214,472,2136,749,0,3,1,0,0,0,0,1,0,1,0,0,0,0,0,0,0,0,0,0,0,0,0,0,0,0,0,0,0,0,0,0,0,0,0,0,0,0,0,0,0,0,0,0,0,0,0,0,0,0,0,0,0,0,0,0,0,0,0,0,0,0,0,0,0,0,0
Chiang Mai,sample_04451,116.500,open_lowrise,open_lowrise,mixed_compact_midrise,TFGSeventyFourthTry74,3_experts,0,band4555_allcity_los,los_only,pred_los,153307,0,0,0,0,0,0,0,0,0,0,0,0,0,0,0,0,0,0,0,0,0,0,0,0,0,0,0,0,0,0,0,0,0,0,0,0,0,0,0,0,0,0,0,0,0,0,0,0,0,0,0,0,0,0,0,0,0,0,0,0,0,0,0,0,0,0,0,0,0,0,0,0,0,0,0,0,0,0,0,0,1,0,0,0,0,0,367,1007,2028,3751,5313,6687,8557,12154,13509,16628,21905,25701,21044,11479,3172,4,0,0,0,0,0,0,0,0,0,0,0,0,0,0,0,0,0,0,0,0,0,0,0,0,0,0,0,0,0,0,0,0,0,0,0,0,0,0,0,0,0,0,0,0,0,0,0,0,0,0,0,0,0,0,0,0,0,0,0,0,0,0,0,0,0,0,0,0,0,0,0,0,0,0,0,0,0,0
Chiang Mai,sample_04452,126.952,open_lowrise,open_lowrise,mixed_compact_midrise,TFGSeventyFourthTry74,3_experts,0,ground_truth,full,target_los,155946,0,0,0,0,0,0,0,0,0,0,0,0,0,0,0,0,0,0,0,0,0,0,0,0,0,0,0,0,0,0,0,0,0,0,0,0,0,0,0,0,0,0,0,0,0,0,0,0,0,0,0,0,0,0,0,0,0,0,0,0,0,0,0,0,0,0,0,0,0,0,0,0,0,0,0,0,0,0,0,0,0,0,0,0,0,0,0,0,616,2726,5129,7396,9568,11893,14718,15629,14170,11552,10292,8944,7555,6166,5374,4852,4580,4367,3994,3468,1809,328,170,138,168,0,62,45,75,0,27,17,35,0,19,12,13,0,6,11,1,3,6,1,3,1,2,0,1,0,2,0,0,1,0,0,0,0,0,1,0,0,0,0,0,0,0,0,0,0,0,0,0,0,0,0,0,0,0,0,0,0,0,0,0,0,0,0,0,0,0,0
Chiang Mai,sample_04452,126.952,open_lowrise,open_lowrise,mixed_compact_midrise,TFGSeventyFourthTry74,3_experts,0,ground_truth,full,target_nlos,4694,0,0,0,0,0,0,0,0,0,0,0,0,0,0,0,0,0,0,0,0,0,0,0,0,0,0,0,0,0,0,0,0,0,0,0,0,0,0,0,0,0,0,0,0,0,0,0,0,0,0,0,0,0,0,0,0,0,0,0,0,0,0,0,0,0,0,0,0,0,0,0,0,0,0,0,0,0,0,0,0,0,0,0,0,0,0,0,0,0,0,0,0,0,0,0,0,0,0,0,0,15,26,38,949,449,79,648,551,834,158,203,742,0,0,0,0,0,0,0,0,0,0,0,1,0,0,0,0,0,1,0,0,0,0,0,0,0,0,0,0,0,0,0,0,0,0,0,0,0,0,0,0,0,0,0,0,0,0,0,0,0,0,0,0,0,0,0,0,0,0,0,0,0,0,0,0,0,0,0,0
Chiang Mai,sample_04452,126.952,open_lowrise,open_lowrise,mixed_compact_midrise,TFGSeventyFourthTry74,3_experts,0,band4555_allcity_los,los_only,pred_los,155946,0,0,0,0,0,0,0,0,0,0,0,0,0,0,0,0,0,0,0,0,0,0,0,0,0,0,0,0,0,0,0,0,0,0,0,0,0,0,0,0,0,0,0,0,0,0,0,0,0,0,0,0,0,0,0,0,0,0,0,0,0,0,0,0,0,0,0,0,0,0,0,0,0,0,0,0,0,0,0,0,1,0,0,0,0,0,420,1039,2138,3815,5355,6730,8556,12275,13590,16805,22525,26232,21493,11661,3307,4,0,0,0,0,0,0,0,0,0,0,0,0,0,0,0,0,0,0,0,0,0,0,0,0,0,0,0,0,0,0,0,0,0,0,0,0,0,0,0,0,0,0,0,0,0,0,0,0,0,0,0,0,0,0,0,0,0,0,0,0,0,0,0,0,0,0,0,0,0,0,0,0,0,0,0,0,0,0
Chiang Mai,sample_04453,61.864,open_lowrise,open_lowrise,mixed_compact_midrise,TFGSeventyFourthTry74,3_experts,0,ground_truth,full,target_los,125258,0,0,0,0,0,0,0,0,0,0,0,0,0,0,0,0,0,0,0,0,0,0,0,0,0,0,0,0,0,0,0,0,0,0,0,0,0,0,0,0,0,0,0,0,0,0,0,0,0,0,0,0,0,0,0,0,0,0,0,0,0,0,0,0,0,0,0,0,0,0,0,0,0,0,0,0,0,0,0,0,0,0,0,0,53,348,842,1731,2999,4409,5790,6770,8290,9881,11112,11125,9621,9441,7700,8637,6661,4858,4302,3829,3177,1810,620,373,206,164,133,87,135,0,40,36,45,0,7,3,13,0,0,3,3,0,2,0,0,0,0,1,0,1,0,0,0,0,0,0,0,0,0,0,0,0,0,0,0,0,0,0,0,0,0,0,0,0,0,0,0,0,0,0,0,0,0,0,0,0,0,0,0,0,0,0,0,0,0,0
Chiang Mai,sample_04453,61.864,open_lowrise,open_lowrise,mixed_compact_midrise,TFGSeventyFourthTry74,3_experts,0,ground_truth,full,target_nlos,30287,0,0,0,0,0,0,0,0,0,0,0,0,0,0,0,0,0,0,0,0,0,0,0,0,0,0,0,0,0,0,0,0,0,0,0,0,0,0,0,0,0,0,0,0,0,0,0,0,0,0,0,0,0,0,0,0,0,0,0,0,0,0,0,0,0,0,0,0,0,0,0,0,0,0,0,0,0,0,0,0,0,0,0,0,0,0,0,0,0,0,0,0,0,0,0,0,0,0,0,4,13,32,21,9,329,1108,1430,1714,1362,1073,4069,6144,7270,0,787,474,2784,0,1419,20,75,0,19,29,41,0,22,21,14,2,0,0,0,0,1,1,0,0,0,0,0,0,0,0,0,0,0,0,0,0,0,0,0,0,0,0,0,0,0,0,0,0,0,0,0,0,0,0,0,0,0,0,0,0,0,0,0,0,0,0
Chiang Mai,sample_04453,61.864,open_lowrise,open_lowrise,mixed_compact_midrise,TFGSeventyFourthTry74,3_experts,0,band4555_allcity_los,los_only,pred_los,125258,0,0,0,0,0,0,0,0,0,0,0,0,0,0,0,0,0,0,0,0,0,0,0,0,0,0,0,0,0,0,0,0,0,0,0,0,0,0,0,0,0,0,0,0,0,0,0,0,0,0,0,0,0,0,0,0,0,0,0,0,0,0,0,0,0,0,0,0,0,0,0,0,0,0,0,0,0,0,0,0,0,0,0,0,0,0,0,454,1251,2232,4534,6164,7986,11344,12659,14866,18849,20130,13736,9051,1998,4,0,0,0,0,0,0,0,0,0,0,0,0,0,0,0,0,0,0,0,0,0,0,0,0,0,0,0,0,0,0,0,0,0,0,0,0,0,0,0,0,0,0,0,0,0,0,0,0,0,0,0,0,0,0,0,0,0,0,0,0,0,0,0,0,0,0,0,0,0,0,0,0,0,0,0,0,0,0
Chiang Mai,sample_04454,233.185,open_lowrise,open_lowrise,mixed_compact_midrise,TFGSeventyFourthTry74,3_experts,0,ground_truth,full,target_los,169486,0,0,0,0,0,0,0,0,0,0,0,0,0,0,0,0,0,0,0,0,0,0,0,0,0,0,0,0,0,0,0,0,0,0,0,0,0,0,0,0,0,0,0,0,0,0,0,0,0,0,0,0,0,0,0,0,0,0,0,0,0,0,0,0,0,0,0,0,0,0,0,0,0,0,0,0,0,0,0,0,0,0,0,0,0,0,0,0,0,0,0,10,100,5633,12436,17495,21813,19075,13947,11782,10309,9077,7195,6145,5405,4870,4830,4908,5167,4580,3148,1115,122,0,58,53,61,0,29,23,24,0,22,7,21,0,3,3,2,4,4,2,2,1,1,0,1,2,1,0,0,0,0,0,0,0,0,0,0,0,0,0,0,0,0,0,0,0,0,0,0,0,0,0,0,0,0,0,0,0,0,0,0,0,0,0,0,0,0,0
Chiang Mai,sample_04454,233.185,open_lowrise,open_lowrise,mixed_compact_midrise,TFGSeventyFourthTry74,3_experts,0,ground_truth,full,target_nlos,1755,0,0,0,0,0,0,0,0,0,0,0,0,0,0,0,0,0,0,0,0,0,0,0,0,0,0,0,0,0,0,0,0,0,0,0,0,0,0,0,0,0,0,0,0,0,0,0,0,0,0,0,0,0,0,0,0,0,0,0,0,0,0,0,0,0,0,0,0,0,0,0,0,0,0,0,0,0,0,0,0,0,0,0,0,0,0,0,0,0,0,0,0,0,0,0,0,0,0,0,0,0,5,14,4,346,95,143,192,86,420,450,0,0,0,0,0,0,0,0,0,0,0,0,0,0,0,0,0,0,0,0,0,0,0,0,0,0,0,0,0,0,0,0,0,0,0,0,0,0,0,0,0,0,0,0,0,0,0,0,0,0,0,0,0,0,0,0,0,0,0,0,0,0,0,0,0,0,0,0,0
Chiang Mai,sample_04454,233.185,open_lowrise,open_lowrise,mixed_compact_midrise,TFGSeventyFourthTry74,3_experts,0,band4555_allcity_los,los_only,pred_los,169486,0,0,0,0,0,0,0,0,0,0,0,0,0,0,0,0,0,0,0,0,0,0,0,0,0,0,0,0,0,0,0,0,0,0,0,0,0,0,0,0,0,0,0,0,0,0,0,0,0,0,0,0,0,0,0,0,0,0,0,0,0,0,0,0,0,0,0,0,0,0,0,0,0,0,0,0,0,0,0,0,0,1,0,0,0,33,639,1182,2694,4005,5554,6877,8925,12741,14331,18183,25441,28733,23476,13162,3506,3,0,0,0,0,0,0,0,0,0,0,0,0,0,0,0,0,0,0,0,0,0,0,0,0,0,0,0,0,0,0,0,0,0,0,0,0,0,0,0,0,0,0,0,0,0,0,0,0,0,0,0,0,0,0,0,0,0,0,0,0,0,0,0,0,0,0,0,0,0,0,0,0,0,0,0,0,0,0
Chiang Mai,sample_04455,45.145,open_lowrise,open_lowrise,mixed_compact_midrise,TFGSeventyFourthTry74,3_experts,0,ground_truth,full,target_los,103415,0,0,0,0,0,0,0,0,0,0,0,0,0,0,0,0,0,0,0,0,0,0,0,0,0,0,0,0,0,0,0,0,0,0,0,0,0,0,0,0,0,0,0,0,0,0,0,0,0,0,0,0,0,0,0,0,0,0,0,0,0,0,0,0,0,0,0,0,0,0,0,0,0,0,0,0,0,0,0,0,0,0,0,0,7,195,555,1030,2127,3415,4674,6325,7337,8680,9826,9990,8436,7902,7096,6391,5363,4185,3450,2619,1690,861,481,236,156,107,84,45,65,0,22,24,16,0,5,7,6,0,1,3,2,0,0,1,0,0,0,0,0,0,0,0,0,0,0,0,0,0,0,0,0,0,0,0,0,0,0,0,0,0,0,0,0,0,0,0,0,0,0,0,0,0,0,0,0,0,0,0,0,0,0,0,0,0,0,0
Chiang Mai,sample_04455,45.145,open_lowrise,open_lowrise,mixed_compact_midrise,TFGSeventyFourthTry74,3_experts,0,ground_truth,full,target_nlos,41082,0,0,0,0,0,0,0,0,0,0,0,0,0,0,0,0,0,0,0,0,0,0,0,0,0,0,0,0,0,0,0,0,0,0,0,0,0,0,0,0,0,0,0,0,0,0,0,0,0,0,0,0,0,0,0,0,0,0,0,0,0,0,0,0,0,0,0,0,0,0,0,0,0,0,0,0,0,0,0,0,0,0,0,0,0,0,0,0,0,0,0,0,0,0,0,0,0,0,0,6,45,46,53,122,477,734,1311,2414,2280,3602,3853,4796,9583,0,2557,1573,4501,0,1718,170,799,0,103,64,106,0,37,29,30,29,16,16,6,2,0,1,1,1,0,1,0,0,0,0,0,0,0,0,0,0,0,0,0,0,0,0,0,0,0,0,0,0,0,0,0,0,0,0,0,0,0,0,0,0,0,0,0,0,0,0
Chiang Mai,sample_04455,45.145,open_lowrise,open_lowrise,mixed_compact_midrise,TFGSeventyFourthTry74,3_experts,0,band4555_allcity_los,los_only,pred_los,103415,0,0,0,0,0,0,0,0,0,0,0,0,0,0,0,0,0,0,0,0,0,0,0,0,0,0,0,0,0,0,0,0,0,0,0,0,0,0,0,0,0,0,0,0,0,0,0,0,0,0,0,0,0,0,0,0,0,0,0,0,0,0,0,0,0,0,0,0,0,0,0,0,0,0,0,0,0,0,0,0,0,0,0,0,0,0,0,1,436,1443,2466,4672,7240,10476,11811,13617,16946,17939,11323,4538,507,0,0,0,0,0,0,0,0,0,0,0,0,0,0,0,0,0,0,0,0,0,0,0,0,0,0,0,0,0,0,0,0,0,0,0,0,0,0,0,0,0,0,0,0,0,0,0,0,0,0,0,0,0,0,0,0,0,0,0,0,0,0,0,0,0,0,0,0,0,0,0,0,0,0,0,0,0,0,0
