city,sample,altitude_m,city_type,city_type_3,city_type_6,try_dir,expert_mode,exclude_non_ground_targets,expert_id,expert_region,metric,kind,total_pixels,b0,b1,b2,b3,b4,b5,b6,b7,b8,b9,b10,b11,b12,b13,b14,b15,b16,b17,b18,b19,b20,b21,b22,b23,b24,b25,b26,b27,b28,b29,b30,b31,b32,b33,b34,b35,b36,b37,b38,b39,b40,b41,b42,b43,b44,b45,b46,b47,b48,b49,b50,b51,b52,b53,b54,b55,b56,b57,b58,b59,b60,b61,b62,b63,b64,b65,b66,b67,b68,b69,b70,b71,b72,b73,b74,b75,b76,b77,b78,b79,b80,b81,b82,b83,b84,b85,b86,b87,b88,b89,b90,b91,b92,b93,b94,b95,b96,b97,b98,b99,b100,b101,b102,b103,b104,b105,b106,b107,b108,b109,b110,b111,b112,b113,b114,b115,b116,b117,b118,b119,b120,b121,b122,b123,b124,b125,b126,b127,b128,b129,b130,b131,b132,b133,b134,b135,b136,b137,b138,b139,b140,b141,b142,b143,b144,b145,b146,b147,b148,b149,b150,b151,b152,b153,b154,b155,b156,b157,b158,b159,b160,b161,b162,b163,b164,b165,b166,b167,b168,b169,b170,b171,b172,b173,b174,b175,b176,b177,b178,b179,b180,b181,b182,b183,b184,b185,b186,b187,b188,b189,b190,b191,b192,b193,b194,b195,b196,b197,b198,b199,b200,b201,b202,b203,b204,b205,b206,b207,b208,b209,b210,b211,b212,b213,b214,b215,b216,b217,b218,b219,b220,b221,b222,b223,b224,b225,b226,b227,b228,b229,b230,b231,b232,b233,b234,b235,b236,b237,b238,b239,b240,b241,b242,b243,b244,b245,b246,b247,b248,b249,b250,b251,b252,b253,b254,b255,b256,b257,b258,b259,b260,b261,b262,b263,b264,b265,b266,b267,b268,b269,b270,b271,b272,b273,b274,b275,b276,b277,b278,b279,b280,b281,b282,b283,b284,b285,b286,b287,b288,b289,b290,b291,b292,b293,b294,b295,b296,b297,b298,b299,b300,b301,b302,b303,b304,b305,b306,b307,b308,b309,b310,b311,b312,b313,b314,b315,b316,b317,b318,b319,b320,b321,b322,b323,b324,b325,b326,b327,b328,b329,b330,b331,b332,b333,b334,b335,b336,b337,b338,b339,b340,b341,b342,b343,b344,b345,b346,b347,b348,b349,b350,b351,b352,b353,b354,b355,b356,b357,b358,b359
Nice,sample_10841,58.253,open_lowrise,open_lowrise,open_sparse_vertical,TFGSeventyFourthTry74,3_experts,0,ground_truth,full,path_loss,target_los,221263,0,0,0,0,0,0,0,0,0,0,0,0,0,0,0,0,0,0,0,0,0,0,0,0,0,0,0,0,0,0,0,0,0,0,0,0,0,0,0,0,0,0,0,0,0,0,0,0,0,0,0,0,0,0,0,0,0,0,0,0,0,0,0,0,0,0,0,0,0,0,0,0,0,0,0,0,0,0,0,0,116,764,1351,1864,2593,3271,4319,5440,6768,8342,9315,11971,14514,16046,19135,19159,16694,14303,12145,10458,9280,8624,7799,7080,5347,2530,848,402,254,169,113,65,88,0,28,21,20,0,7,6,7,0,3,1,1,0,0,0,0,0,1,0,0,0,0,1,0,0,0,0,0,0,0,0,0,0,0,0,0,0,0,0,0,0,0,0,0,0,0,0,0,0,0,0,0,0,0,0,0,0,0,0,0,0,0,0,0,0,0,0,0,0,0,0,0,0,0,0,0,0,0,0,0,0,0,0,0,0,0,0,0,0,0,0,0,0,0,0,0,0,0,0,0,0,0,0,0,0,0,0,0,0,0,0,0,0,0,0,0,0,0,0,0,0,0,0,0,0,0,0,0,0,0,0,0,0,0,0,0,0,0,0,0,0,0,0,0,0,0,0,0,0,0,0,0,0,0,0,0,0,0,0,0,0,0,0,0,0,0,0,0,0,0,0,0,0,0,0,0,0,0,0,0,0,0,0,0,0,0,0,0,0,0,0,0,0,0,0,0,0,0,0,0,0,0,0,0,0,0,0,0,0,0,0,0,0,0,0,0,0,0,0,0,0,0,0,0,0,0,0,0,0,0,0,0,0,0,0,0,0,0,0,0,0,0,0,0,0,0,0
Nice,sample_10841,58.253,open_lowrise,open_lowrise,open_sparse_vertical,TFGSeventyFourthTry74,3_experts,0,ground_truth,full,path_loss,target_nlos,2617,0,0,0,0,0,0,0,0,0,0,0,0,0,0,0,0,0,0,0,0,0,0,0,0,0,0,0,0,0,0,0,0,0,0,0,0,0,0,0,0,0,0,0,0,0,0,0,0,0,0,0,0,0,0,0,0,0,0,0,0,0,0,0,0,0,0,0,0,0,0,0,0,0,0,0,0,0,0,0,0,0,0,0,0,0,0,0,0,0,0,0,0,0,0,0,0,0,0,5,9,24,274,268,9,41,23,89,60,40,38,75,601,405,0,60,522,15,0,8,12,10,0,8,2,11,0,6,0,2,0,0,0,0,0,0,0,0,0,0,0,0,0,0,0,0,0,0,0,0,0,0,0,0,0,0,0,0,0,0,0,0,0,0,0,0,0,0,0,0,0,0,0,0,0,0,0,0,0,0,0,0,0,0,0,0,0,0,0,0,0,0,0,0,0,0,0,0,0,0,0,0,0,0,0,0,0,0,0,0,0,0,0,0,0,0,0,0,0,0,0,0,0,0,0,0,0,0,0,0,0,0,0,0,0,0,0,0,0,0,0,0,0,0,0,0,0,0,0,0,0,0,0,0,0,0,0,0,0,0,0,0,0,0,0,0,0,0,0,0,0,0,0,0,0,0,0,0,0,0,0,0,0,0,0,0,0,0,0,0,0,0,0,0,0,0,0,0,0,0,0,0,0,0,0,0,0,0,0,0,0,0,0,0,0,0,0,0,0,0,0,0,0,0,0,0,0,0,0,0,0,0,0,0,0,0,0,0,0,0,0,0,0,0,0,0,0,0,0,0,0,0,0,0,0,0,0,0,0,0,0
Nice,sample_10841,58.253,open_lowrise,open_lowrise,open_sparse_vertical,TFGSeventyFourthTry74,3_experts,0,ground_truth,full,delay_spread,target_delay_spread,220879,0,111237,38202,16198,7728,816,262,249,235,236,234,243,234,229,237,201,223,221,236,233,230,234,240,253,255,263,261,264,265,271,268,270,286,284,277,267,267,278,279,291,306,322,340,406,422,441,466,493,576,716,912,873,847,657,521,482,443,454,474,454,474,482,479,520,527,516,510,478,493,511,506,511,473,462,474,436,425,417,418,410,402,395,394,353,354,313,306,254,245,264,183,119,152,135,182,211,217,219,230,172,160,180,194,190,249,270,249,231,235,243,256,285,326,344,421,390,321,249,336,318,296,259,244,253,300,342,284,242,327,404,370,354,330,267,223,192,188,174,165,156,161,131,117,99,92,85,71,96,109,56,17,24,43,45,53,86,79,30,7,12,9,3,7,3,2,4,7,11,11,10,10,11,12,13,13,15,15,18,20,28,41,101,109,3,0,0,0,0,1,3,0,0,0,0,0,0,3,1,0,0,0,0,0,0,0,2,0,0,0,0,0,0,0,0,0,0,0,0,0,0,0,0,0,0,0,0,0,0,0,0,0,0,0,0,0,0,0,0,0,0,0,0,0,0,0,0,0,0,0,0,0,0,0,0,0,0,0,4,4,6,5,7,6,6,7,7,7,5,8,5,8,7,6,7,6,7,5,8,5,7,4,6,6,5,7,3,4,0,1,0,0,0,0,0,0,0,0,0,0,0,0,0,0,0,0,0,0,0,0,0,0,0,0,0,0,0,0,0,0,0,0,0,0,0,0,0,0,0,0,0,0,0,0,0,0,0,0,0,0,0,0,0,0,0,0,0,0,0,0,0,0,0,0,0,0,0,0,0,0,0
Nice,sample_10841,58.253,open_lowrise,open_lowrise,open_sparse_vertical,TFGSeventyFourthTry74,3_experts,0,ground_truth,full,angular_spread,target_angular_spread,48366,0,0,0,0,2,34,92,29,2,5,48,133,23,71,104,90,52,65,198,559,945,1619,1711,1777,2000,2262,2385,2935,3087,3687,3286,3454,3241,2376,2352,1742,1335,939,715,547,491,407,306,171,147,137,95,161,126,101,110,89,333,337,182,87,77,53,54,74,60,38,62,32,5,5,0,0,0,0,0,13,78,129,112,9,2,4,11,13,25,12,23,19,33,54,105,40,12,5,1,0,2,0,0,0,0,0,0,0,0,0,0,0,0,0,0,0,0,0,0,0,0,0,0,0,0,0,0,0,0,0,0,0,0,0,0,0,0,0,0,0,0,0,0,0,0,3,2,0,0,0,0,0,0,0,0,0,0,0,0,0,0,0,0,0,0,0,0,0,0,0,0,0,0,0,0,0,0,5,1,0,4,5,1,1,0,0,0,0,0,0,0,0,0,0,0,0,0,0,0,0,0,0,0,0,0,0,0,0,0,0,0,0,0,0,0,0,0,0,0,0,0,0,0,0,0,0,0,0,0,0,0,0,0,0,0,0,0,0,0,0,0,0,0,0,0,0,0,0,0,0,0,0,0,0,0,0,0,0,0,0,0,0,0,0,0,0,0,0,0,0,0,0,0,0,0,0,0,0,0,0,0,0,0,0,0,0,0,0,0,0,0,0,0,0,0,0,0,0,0,0,0,0,0,0,0,0,0,0,0,0,0,0,0,0,0,0,0,0,0,0,0,0,0,0,0,0,0,0,0,0,0,0,0,0,0,0,0,0,0,0,0,0,0,0,0,0,0,0,0,0,0,0,0,0,0,0,0,0,0,0,0,0,0,0,0,0,0,0
Nice,sample_10841,58.253,open_lowrise,open_lowrise,open_sparse_vertical,TFGSeventyFourthTry74,3_experts,0,band4555_allcity_los,los_only,path_loss,pred_los,221263,0,0,0,0,0,0,0,0,0,0,0,0,0,0,0,0,0,0,0,0,0,0,0,0,0,0,0,0,0,0,0,0,0,0,0,0,0,0,0,0,0,0,0,0,0,0,0,0,0,0,0,0,0,0,0,0,0,0,0,0,0,0,0,0,0,0,0,0,0,0,0,1,0,0,0,0,0,0,0,1,0,22,221,1193,2395,2939,3631,4547,5768,7314,9125,11501,14406,17092,19258,23483,28707,33541,22052,11608,2451,7,0,0,0,0,0,0,0,0,0,0,0,0,0,0,0,0,0,0,0,0,0,0,0,0,0,0,0,0,0,0,0,0,0,0,0,0,0,0,0,0,0,0,0,0,0,0,0,0,0,0,0,0,0,0,0,0,0,0,0,0,0,0,0,0,0,0,0,0,0,0,0,0,0,0,0,0,0,0,0,0,0,0,0,0,0,0,0,0,0,0,0,0,0,0,0,0,0,0,0,0,0,0,0,0,0,0,0,0,0,0,0,0,0,0,0,0,0,0,0,0,0,0,0,0,0,0,0,0,0,0,0,0,0,0,0,0,0,0,0,0,0,0,0,0,0,0,0,0,0,0,0,0,0,0,0,0,0,0,0,0,0,0,0,0,0,0,0,0,0,0,0,0,0,0,0,0,0,0,0,0,0,0,0,0,0,0,0,0,0,0,0,0,0,0,0,0,0,0,0,0,0,0,0,0,0,0,0,0,0,0,0,0,0,0,0,0,0,0,0,0,0,0,0,0,0,0,0,0,0,0,0,0,0,0,0,0,0,0,0,0,0,0,0,0,0,0,0,0,0,0,0,0,0,0,0,0,0,0
Nice,sample_10841,58.253,open_lowrise,open_lowrise,open_sparse_vertical,TFGSeventyFourthTry74,3_experts,0,band4555_allcity_nlos,nlos_only,path_loss,pred_nlos,2617,0,0,0,0,0,0,2,6,6,10,11,19,27,34,47,46,36,31,44,79,106,78,76,81,88,90,81,83,102,96,66,54,46,49,44,41,56,41,32,19,11,17,19,17,24,31,30,22,33,34,29,32,36,37,37,35,40,33,29,30,26,29,23,21,23,20,25,14,22,13,13,10,11,9,8,4,2,5,4,3,7,2,6,5,4,1,2,0,2,0,0,0,0,0,0,0,0,0,0,0,0,0,0,0,0,0,0,0,0,0,0,0,0,0,0,0,0,0,0,0,0,0,0,0,0,0,0,0,0,0,0,0,0,0,0,0,0,0,0,0,0,0,0,0,0,0,0,0,0,0,0,0,0,0,0,0,0,0,0,0,0,0,0,0,0,0,0,0,0,0,0,0,0,0,0,0,0,0,0,0,0,0,0,0,0,0,0,0,0,0,0,0,0,0,0,0,0,0,0,0,0,0,0,0,0,0,0,0,0,0,0,0,0,0,0,0,0,0,0,0,0,0,0,0,0,0,0,0,0,0,0,0,0,0,0,0,0,0,0,0,0,0,0,0,0,0,0,0,0,0,0,0,0,0,0,0,0,0,0,0,0,0,0,0,0,0,0,0,0,0,0,0,0,0,0,0,0,0,0,0,0,0,0,0,0,0,0,0,0,0,0,0,0,0,0,0,0,0,0,0,0,0,0,0,0,0,0,0,0,0,0,0,0,0,0,0,0,0,0,0,0,0,0,0,0,0,0,0,0,0,0,0,0,0,0,0,0,0,0,0,0,0,0,0,0,0,0,0,0,0,0,0,0,0,0,0,0,0,0,0
Nice,sample_10841,58.253,open_lowrise,open_lowrise,open_sparse_vertical,TFGSeventyFourthTry74,3_experts,0,spread_prediction,full,delay_spread,pred_delay_spread,223701,13,76,954,854,239,201,276,299,280,242,1407,14686,11714,11591,176894,456,633,644,142,9,3,187,1395,332,67,44,61,0,1,0,0,1,0,0,0,0,0,0,0,0,0,0,0,0,0,0,0,0,0,0,0,0,0,0,0,0,0,0,0,0,0,0,0,0,0,0,0,0,0,0,0,0,0,0,0,0,0,0,0,0,0,0,0,0,0,0,0,0,0,0,0,0,0,0,0,0,0,0,0,0,0,0,0,0,0,0,0,0,0,0,0,0,0,0,0,0,0,0,0,0,0,0,0,0,0,0,0,0,0,0,0,0,0,0,0,0,0,0,0,0,0,0,0,0,0,0,0,0,0,0,0,0,0,0,0,0,0,0,0,0,0,0,0,0,0,0,0,0,0,0,0,0,0,0,0,0,0,0,0,0,0,0,0,0,0,0,0,0,0,0,0,0,0,0,0,0,0,0,0,0,0,0,0,0,0,0,0,0,0,0,0,0,0,0,0,0,0,0,0,0,0,0,0,0,0,0,0,0,0,0,0,0,0,0,0,0,0,0,0,0,0,0,0,0,0,0,0,0,0,0,0,0,0,0,0,0,0,0,0,0,0,0,0,0,0,0,0,0,0,0,0,0,0,0,0,0,0,0,0,0,0,0,0,0,0,0,0,0,0,0,0,0,0,0,0,0,0,0,0,0,0,0,0,0,0,0,0,0,0,0,0,0,0,0,0,0,0,0,0,0,0,0,0,0,0,0,0,0,0,0,0,0,0,0,0,0,0,0,0,0,0,0,0,0,0,0,0,0,0,0,0,0,0,0,0,0,0,0,0,0
Nice,sample_10841,58.253,open_lowrise,open_lowrise,open_sparse_vertical,TFGSeventyFourthTry74,3_experts,0,spread_prediction,full,angular_spread,pred_angular_spread,223750,145,1354,629,137,31,152485,11034,4088,6042,6630,3743,2560,2850,3027,2356,2195,1913,2186,2579,2048,2251,1707,1319,1196,1109,1234,1521,1049,935,918,730,450,314,240,164,127,91,67,58,47,43,28,22,18,12,11,19,13,7,1,4,4,4,3,2,0,0,0,0,0,0,0,0,0,0,0,0,0,0,0,0,0,0,0,0,0,0,0,0,0,0,0,0,0,0,0,0,0,0,0,0,0,0,0,0,0,0,0,0,0,0,0,0,0,0,0,0,0,0,0,0,0,0,0,0,0,0,0,0,0,0,0,0,0,0,0,0,0,0,0,0,0,0,0,0,0,0,0,0,0,0,0,0,0,0,0,0,0,0,0,0,0,0,0,0,0,0,0,0,0,0,0,0,0,0,0,0,0,0,0,0,0,0,0,0,0,0,0,0,0,0,0,0,0,0,0,0,0,0,0,0,0,0,0,0,0,0,0,0,0,0,0,0,0,0,0,0,0,0,0,0,0,0,0,0,0,0,0,0,0,0,0,0,0,0,0,0,0,0,0,0,0,0,0,0,0,0,0,0,0,0,0,0,0,0,0,0,0,0,0,0,0,0,0,0,0,0,0,0,0,0,0,0,0,0,0,0,0,0,0,0,0,0,0,0,0,0,0,0,0,0,0,0,0,0,0,0,0,0,0,0,0,0,0,0,0,0,0,0,0,0,0,0,0,0,0,0,0,0,0,0,0,0,0,0,0,0,0,0,0,0,0,0,0,0,0,0,0,0,0,0,0,0,0,0,0,0,0,0,0,0,0,0,0,0,0,0,0,0,0,0,0,0,0,0,0,0,0,0,0
Mexico City,sample_09774,53.413,dense_highrise,dense_highrise,dense_block_midrise,TFGSeventyFourthTry74,3_experts,0,ground_truth,full,path_loss,target_los,61885,0,0,0,0,0,0,0,0,0,0,0,0,0,0,0,0,0,0,0,0,0,0,0,0,0,0,0,0,0,0,0,0,0,0,0,0,0,0,0,0,0,0,0,0,0,0,0,0,0,0,0,0,0,0,0,0,0,0,0,0,0,0,0,0,0,0,0,0,0,0,0,0,0,0,0,1,6,6,11,36,255,353,435,413,440,599,930,1398,1700,2378,3090,3517,4212,5316,5853,5476,4714,4667,4065,2741,2485,1896,1595,1339,648,342,228,163,143,100,88,72,83,0,33,23,15,0,5,3,8,0,0,2,1,0,0,0,0,0,0,0,0,1,0,0,0,0,0,0,0,0,0,0,0,0,0,0,0,0,0,0,0,0,0,0,0,0,0,0,0,0,0,0,0,0,0,0,0,0,0,0,0,0,0,0,0,0,0,0,0,0,0,0,0,0,0,0,0,0,0,0,0,0,0,0,0,0,0,0,0,0,0,0,0,0,0,0,0,0,0,0,0,0,0,0,0,0,0,0,0,0,0,0,0,0,0,0,0,0,0,0,0,0,0,0,0,0,0,0,0,0,0,0,0,0,0,0,0,0,0,0,0,0,0,0,0,0,0,0,0,0,0,0,0,0,0,0,0,0,0,0,0,0,0,0,0,0,0,0,0,0,0,0,0,0,0,0,0,0,0,0,0,0,0,0,0,0,0,0,0,0,0,0,0,0,0,0,0,0,0,0,0,0,0,0,0,0,0,0,0,0,0,0,0,0,0,0,0,0,0,0,0,0,0,0,0,0,0,0,0,0,0,0,0,0,0,0,0,0,0,0,0,0,0,0,0,0,0,0
Mexico City,sample_09774,53.413,dense_highrise,dense_highrise,dense_block_midrise,TFGSeventyFourthTry74,3_experts,0,ground_truth,full,path_loss,target_nlos,27524,0,0,0,0,0,0,0,0,0,0,0,0,0,0,0,0,0,0,0,0,0,0,0,0,0,0,0,0,0,0,0,0,0,0,0,0,0,0,0,0,0,0,0,0,0,0,0,0,0,0,0,0,0,0,0,0,0,0,0,0,0,0,0,0,0,0,0,0,0,0,0,0,0,0,0,0,0,0,0,0,0,0,0,0,0,0,0,1,0,4,41,24,7,23,48,83,220,315,278,510,663,1024,801,2060,1630,1595,3285,3825,3279,3314,1577,1314,946,0,61,45,462,0,23,13,17,0,8,4,6,0,2,0,1,2,3,1,0,0,0,2,3,1,0,2,0,0,0,0,0,0,0,0,0,1,0,0,0,0,0,0,0,0,0,0,0,0,0,0,0,0,0,0,0,0,0,0,0,0,0,0,0,0,0,0,0,0,0,0,0,0,0,0,0,0,0,0,0,0,0,0,0,0,0,0,0,0,0,0,0,0,0,0,0,0,0,0,0,0,0,0,0,0,0,0,0,0,0,0,0,0,0,0,0,0,0,0,0,0,0,0,0,0,0,0,0,0,0,0,0,0,0,0,0,0,0,0,0,0,0,0,0,0,0,0,0,0,0,0,0,0,0,0,0,0,0,0,0,0,0,0,0,0,0,0,0,0,0,0,0,0,0,0,0,0,0,0,0,0,0,0,0,0,0,0,0,0,0,0,0,0,0,0,0,0,0,0,0,0,0,0,0,0,0,0,0,0,0,0,0,0,0,0,0,0,0,0,0,0,0,0,0,0,0,0,0,0,0,0,0,0,0,0,0,0,0,0,0,0,0,0,0,0,0,0
Mexico City,sample_09774,53.413,dense_highrise,dense_highrise,dense_block_midrise,TFGSeventyFourthTry74,3_experts,0,ground_truth,full,delay_spread,target_delay_spread,58313,0,19158,6233,3086,2868,1265,914,829,778,746,680,668,627,556,547,496,540,510,445,404,394,388,370,349,354,336,351,370,347,342,334,295,306,323,314,294,251,252,267,256,275,271,262,274,286,288,280,287,293,253,228,167,173,156,162,140,131,116,138,208,159,136,134,115,134,139,177,161,146,160,164,147,194,177,182,190,203,207,147,110,85,78,72,61,39,34,57,47,38,33,59,92,79,157,156,73,42,23,31,33,35,19,15,12,15,19,20,19,11,5,5,11,23,28,35,30,47,36,22,20,15,26,13,9,12,12,17,26,20,7,8,3,23,16,16,0,8,1,8,4,7,1,6,11,10,4,6,3,7,3,7,4,6,4,6,4,6,5,5,6,5,7,16,19,6,8,5,8,6,9,7,9,6,7,7,4,8,4,8,5,6,5,5,7,4,8,3,7,6,4,8,5,7,6,5,8,6,7,7,4,9,7,16,11,17,14,17,15,15,13,9,6,5,9,5,6,13,8,15,22,24,21,17,10,11,12,6,7,9,5,7,9,4,6,11,6,7,10,7,3,5,7,6,0,6,6,4,4,5,5,2,2,3,4,3,0,3,4,4,0,4,4,3,3,0,3,2,1,1,0,0,0,1,0,0,0,0,0,1,2,2,1,0,0,0,0,0,0,0,0,0,0,0,0,0,0,0,0,0,0,0,0,0,0,0,0,0,0,0,0,0,0,0,0,0,0,0,0,0,0,0,0,0,1,3,6,7,5,0,0,0,0,0,0,0,0,0,0,0,0,0,0,0,0,0,0,0,0,0,0,0,0,0,0,0,0,0,0,0,10
Mexico City,sample_09774,53.413,dense_highrise,dense_highrise,dense_block_midrise,TFGSeventyFourthTry74,3_experts,0,ground_truth,full,angular_spread,target_angular_spread,32399,0,18,41,23,50,6,68,118,102,69,41,90,128,316,159,218,254,118,189,277,320,312,304,428,362,449,406,480,477,469,682,950,1370,1623,1641,1671,1840,1238,1289,1321,954,788,754,639,552,513,360,413,412,326,203,198,157,122,139,195,262,218,128,148,176,118,71,33,33,58,103,115,165,353,315,200,131,140,157,193,182,158,233,190,216,169,117,93,322,180,185,104,164,150,88,2,2,6,8,6,4,0,0,0,2,0,1,0,0,0,0,0,0,0,0,0,0,0,0,0,0,0,0,0,0,0,0,0,0,0,0,0,0,0,0,0,1,0,1,1,1,1,0,0,0,0,0,0,0,0,0,1,4,5,4,5,2,0,0,0,6,6,0,0,0,0,0,0,0,0,1,3,4,4,6,2,0,0,0,0,0,0,0,0,0,0,0,0,0,0,0,0,0,0,0,0,0,0,0,0,0,0,0,0,0,0,0,0,0,0,0,0,0,0,0,0,0,0,0,0,0,0,0,0,0,0,0,0,0,0,0,0,0,0,0,0,0,0,0,0,0,0,0,0,0,0,0,0,0,0,0,0,0,0,0,0,0,0,0,0,0,0,0,0,0,0,0,0,0,0,0,0,0,0,0,0,0,0,0,0,0,0,0,0,0,0,0,0,0,0,0,0,0,0,0,0,0,0,0,0,0,0,0,0,0,0,0,0,0,0,0,0,0,0,0,0,0,0,0,0,0,0,0,0,0,0,0,0,0,0,0,0,0,0,0,0,0,0,0,0,0,0,0,0,0,0,0,0,0,0,0,0,0,0,0,0,0,0,0,0,0,0,0,0
Mexico City,sample_09774,53.413,dense_highrise,dense_highrise,dense_block_midrise,TFGSeventyFourthTry74,3_experts,0,band4555_allcity_los,los_only,path_loss,pred_los,61885,0,0,0,0,0,0,0,0,0,0,0,0,0,0,0,0,0,0,0,0,0,0,0,0,0,0,0,0,0,0,0,0,0,0,0,0,0,0,0,0,0,0,0,0,0,0,0,0,0,0,0,0,0,0,0,0,0,0,0,0,0,0,0,0,0,0,3,0,1,0,0,0,0,1,3,5,3,6,6,7,9,37,177,587,818,619,702,949,1206,1736,2021,3809,4901,5370,6734,7624,8703,9742,3984,1878,244,0,0,0,0,0,0,0,0,0,0,0,0,0,0,0,0,0,0,0,0,0,0,0,0,0,0,0,0,0,0,0,0,0,0,0,0,0,0,0,0,0,0,0,0,0,0,0,0,0,0,0,0,0,0,0,0,0,0,0,0,0,0,0,0,0,0,0,0,0,0,0,0,0,0,0,0,0,0,0,0,0,0,0,0,0,0,0,0,0,0,0,0,0,0,0,0,0,0,0,0,0,0,0,0,0,0,0,0,0,0,0,0,0,0,0,0,0,0,0,0,0,0,0,0,0,0,0,0,0,0,0,0,0,0,0,0,0,0,0,0,0,0,0,0,0,0,0,0,0,0,0,0,0,0,0,0,0,0,0,0,0,0,0,0,0,0,0,0,0,0,0,0,0,0,0,0,0,0,0,0,0,0,0,0,0,0,0,0,0,0,0,0,0,0,0,0,0,0,0,0,0,0,0,0,0,0,0,0,0,0,0,0,0,0,0,0,0,0,0,0,0,0,0,0,0,0,0,0,0,0,0,0,0,0,0,0,0,0,0,0,0,0,0,0,0,0,0,0,0,0,0,0,0,0,0,0,0,0,0
Mexico City,sample_09774,53.413,dense_highrise,dense_highrise,dense_block_midrise,TFGSeventyFourthTry74,3_experts,0,band4555_allcity_nlos,nlos_only,path_loss,pred_nlos,27524,3,1,4,6,4,16,41,26,29,35,56,53,73,125,159,206,242,305,298,313,363,366,399,464,509,518,500,536,518,576,634,610,669,644,620,693,749,613,523,500,528,506,512,487,473,460,468,483,452,399,414,374,371,340,320,339,307,334,297,287,280,286,259,266,247,230,229,215,211,214,222,176,191,158,199,211,186,182,155,144,126,133,115,136,129,122,117,117,151,139,148,150,93,107,78,75,51,19,12,7,7,13,8,8,7,9,7,10,5,8,6,0,0,0,0,0,0,0,0,0,0,0,0,0,0,0,0,0,0,0,0,0,0,0,0,0,0,0,0,0,0,0,0,0,0,0,0,0,0,0,0,0,0,0,0,0,0,0,0,0,0,0,0,0,0,0,0,0,0,0,0,0,0,0,0,0,0,0,0,0,0,0,0,0,0,0,0,0,0,0,0,0,0,0,0,0,0,0,0,0,0,0,0,0,0,0,0,0,0,0,0,0,0,0,0,0,0,0,0,0,0,0,0,0,0,0,0,0,0,0,0,0,0,0,0,0,0,0,0,0,0,0,0,0,0,0,0,0,0,0,0,0,0,0,0,0,0,0,0,0,0,0,0,0,0,0,0,0,0,0,0,0,0,0,0,0,0,0,0,0,0,0,0,0,0,0,0,0,0,0,0,0,0,0,0,0,0,0,0,0,0,0,0,0,0,0,0,0,0,0,0,0,0,0,0,0,0,0,0,0,0,0,0,0,0,0,0,0,0,0,0,0,0,0,0,0,0,0,0,0,0,0,0,0,0,0,0,0,0,0,0,0,0,0,0,0,0,0,0,0
Mexico City,sample_09774,53.413,dense_highrise,dense_highrise,dense_block_midrise,TFGSeventyFourthTry74,3_experts,0,spread_prediction,full,delay_spread,pred_delay_spread,88590,2568,9182,5496,3749,4444,2360,1592,1515,1638,1825,1896,2096,2130,2437,2829,2677,3907,2888,2430,2256,2409,3061,3195,3359,3724,6759,6085,83,0,0,0,0,0,0,0,0,0,0,0,0,0,0,0,0,0,0,0,0,0,0,0,0,0,0,0,0,0,0,0,0,0,0,0,0,0,0,0,0,0,0,0,0,0,0,0,0,0,0,0,0,0,0,0,0,0,0,0,0,0,0,0,0,0,0,0,0,0,0,0,0,0,0,0,0,0,0,0,0,0,0,0,0,0,0,0,0,0,0,0,0,0,0,0,0,0,0,0,0,0,0,0,0,0,0,0,0,0,0,0,0,0,0,0,0,0,0,0,0,0,0,0,0,0,0,0,0,0,0,0,0,0,0,0,0,0,0,0,0,0,0,0,0,0,0,0,0,0,0,0,0,0,0,0,0,0,0,0,0,0,0,0,0,0,0,0,0,0,0,0,0,0,0,0,0,0,0,0,0,0,0,0,0,0,0,0,0,0,0,0,0,0,0,0,0,0,0,0,0,0,0,0,0,0,0,0,0,0,0,0,0,0,0,0,0,0,0,0,0,0,0,0,0,0,0,0,0,0,0,0,0,0,0,0,0,0,0,0,0,0,0,0,0,0,0,0,0,0,0,0,0,0,0,0,0,0,0,0,0,0,0,0,0,0,0,0,0,0,0,0,0,0,0,0,0,0,0,0,0,0,0,0,0,0,0,0,0,0,0,0,0,0,0,0,0,0,0,0,0,0,0,0,0,0,0,0,0,0,0,0,0,0,0,0,0,0,0,0,0,0,0,0,0,0,0,0,0,0,0,0,0
Mexico City,sample_09774,53.413,dense_highrise,dense_highrise,dense_block_midrise,TFGSeventyFourthTry74,3_experts,0,spread_prediction,full,angular_spread,pred_angular_spread,86689,5583,7591,4861,2898,3003,3648,3112,2876,2540,1906,1851,1945,2066,1788,1893,1913,1877,1797,1783,2009,2379,2201,2219,1895,1835,1943,1788,1540,1300,1204,1101,1068,999,944,868,846,729,654,543,562,503,423,338,295,290,234,156,151,114,99,90,75,72,56,54,33,21,39,28,15,17,14,11,1,2,0,0,0,0,0,0,0,0,0,0,0,0,0,0,0,0,0,0,0,0,0,0,0,0,0,0,0,0,0,0,0,0,0,0,0,0,0,0,0,0,0,0,0,0,0,0,0,0,0,0,0,0,0,0,0,0,0,0,0,0,0,0,0,0,0,0,0,0,0,0,0,0,0,0,0,0,0,0,0,0,0,0,0,0,0,0,0,0,0,0,0,0,0,0,0,0,0,0,0,0,0,0,0,0,0,0,0,0,0,0,0,0,0,0,0,0,0,0,0,0,0,0,0,0,0,0,0,0,0,0,0,0,0,0,0,0,0,0,0,0,0,0,0,0,0,0,0,0,0,0,0,0,0,0,0,0,0,0,0,0,0,0,0,0,0,0,0,0,0,0,0,0,0,0,0,0,0,0,0,0,0,0,0,0,0,0,0,0,0,0,0,0,0,0,0,0,0,0,0,0,0,0,0,0,0,0,0,0,0,0,0,0,0,0,0,0,0,0,0,0,0,0,0,0,0,0,0,0,0,0,0,0,0,0,0,0,0,0,0,0,0,0,0,0,0,0,0,0,0,0,0,0,0,0,0,0,0,0,0,0,0,0,0,0,0,0,0,0,0,0,0,0,0,0,0,0,0,0,0,0,0,0,0,0,0,0,0,0,0,0,0,0,0,0,0
