group_type,group,task,scope,n_samples,gt_prior_rmse,gt_model_rmse,delta_model_minus_prior_rmse,prior_model_rmse,gt_prior_ssim,gt_model_ssim,delta_model_minus_prior_ssim,prior_model_ssim,gt_prior_map_corr,gt_model_map_corr,delta_model_minus_prior_map_corr,prior_model_map_corr,gt_prior_grad_corr,gt_model_grad_corr,delta_model_minus_prior_grad_corr,prior_model_grad_corr
global,all,path_loss,overall,10,1.7164258307763733,1.334615478145306,-0.38181035263106744,1.0522432113800568,0.9092839566423232,0.9409938213331058,0.03170986469078263,0.9622504321684292,0.9567596692674788,0.9738815359882637,0.017121866720784862,0.9821197451006781,0.8417684898073332,0.8860520378252643,0.04428354801793111,0.9422270662251726
global,all,path_loss,los,10,1.6843172231965324,1.2919616986207152,-0.39235552457581724,1.0437703089809915,0.9130349624220601,0.9457874939856776,0.03275253156361757,0.9613316040712253,0.9483433330980229,0.9691314302585836,0.020788097160560737,0.9782058382818475,0.8457635708742371,0.8921808151067493,0.046417244232512145,0.938918424882149
global,all,path_loss,nlos,10,2.215797853129669,1.948311838905805,-0.267486014223864,1.194397445284997,0.841828881624288,0.8547882627765379,0.012959381152249816,0.97877389863718,0.786242481612942,0.8071800508785753,0.020937569265633282,0.967605757951081,0.7165334960309733,0.7312022824970661,0.01466878646609282,0.9772964288652123
global,all,delay_spread,overall,10,5.916605058972761,5.486563570118447,-0.4300414888543136,2.040998643038506,0.8657610297027625,0.8622310194653622,-0.003530010237400294,0.9247579809853275,0.4159618064216141,0.5594144699412893,0.14345266351967517,0.7359810695263364,0.20470021446764983,0.3559234562626605,0.15122324179501065,0.6387217334756857
global,all,delay_spread,los,10,5.1250840157635045,4.540636794012033,-0.5844472217514713,2.207656842360016,0.8740056641684851,0.882910802470221,0.008905138301735893,0.9394810003201493,0.30069393745329337,0.5235947448388095,0.22290080738551615,0.562047896757849,0.1949274587365138,0.35502846176270375,0.16010100302618996,0.5968933917713782
global,all,delay_spread,nlos,10,8.526271777856062,8.426596564748717,-0.09967521310734462,1.0545271140270582,0.8302050883386233,0.7730470592787875,-0.0571580290598358,0.8612632542817442,0.03808318287045915,0.11050617898153035,0.0724229961110712,0.31627730919258057,0.22774376798622198,0.33680038226482945,0.10905661427860747,0.7499159763168506
global,all,angular_spread,overall,10,12.17011633733829,9.789118542521129,-2.380997794817162,4.719399114174578,0.716797614247799,0.7428613229703225,0.026063708722523504,0.8012472994144089,0.3500681137037637,0.6451136176868749,0.29504550398311125,0.6182949230909544,0.24208823296803358,0.4128464172470551,0.17075818427902154,0.5367154611099614
global,all,angular_spread,los,10,12.560003039215564,9.699970575171491,-2.860032464044073,5.214521595999479,0.7199087498423653,0.7570584812935603,0.037149731451195045,0.808263391055439,0.3258944858703,0.653334456974723,0.327439971104423,0.5698896460222854,0.2736578738131452,0.41118386363288595,0.13752598981974073,0.4972497448709153
global,all,angular_spread,nlos,10,10.32132395113485,10.164626669075155,-0.1566972820596959,1.030094483422029,0.7033804815372847,0.6816344328059208,-0.021746048731363876,0.7709895913218255,0.05983953493941681,0.16217027657386268,0.10233074163444587,0.3077211845151602,0.1942267391854409,0.40483704405337323,0.21061030486793234,0.6933974292812523
topology_class_6,mixed_compact_lowrise,path_loss,overall,5,2.1260393492638117,1.8359003987327145,-0.2901389505310972,1.1314056402734562,0.8587128957420139,0.8842259278853133,0.025513032143299363,0.954171400513237,0.9371268840876003,0.9557276811595365,0.018600797071936293,0.9786673324274826,0.738076795724989,0.7996540480685765,0.061577252343587574,0.9180115315617424
topology_class_6,mixed_compact_lowrise,path_loss,los,5,2.1076045219667545,1.815184178663401,-0.2924203433033534,1.117965256054894,0.8615345329595617,0.8889149773836659,0.027380444424104144,0.95064128880946,0.9126350892904576,0.94101530130791,0.028380212017452444,0.9679787035811194,0.7322660947725778,0.8034725084182539,0.07120641364567615,0.9044584301854138
topology_class_6,mixed_compact_lowrise,path_loss,nlos,5,2.2551647711714633,1.9795927260151942,-0.2755720451562691,1.2244264812174857,0.8382601131956489,0.8502371113420235,0.011976998146374651,0.9797595968244834,0.7818995610798,0.8030680345851622,0.021168473505362218,0.966480207548004,0.7076961504689498,0.7215018963609887,0.013805745892038868,0.9779721958931796
topology_class_6,mixed_compact_lowrise,delay_spread,overall,5,8.248647224185095,7.653849419307837,-0.5947978048772589,2.773346428894077,0.7722826074955436,0.756105731858539,-0.01617687563700454,0.8649735538800142,0.37640563674469996,0.5411780037218848,0.1647723669771849,0.7283406546403286,0.19548872607502996,0.3395737664863889,0.14408504041135892,0.6739184370445063
topology_class_6,mixed_compact_lowrise,delay_spread,los,5,7.657881282007992,6.7319200007229485,-0.9259612812850433,3.3160132845162167,0.7505937533111161,0.7622818307086662,0.011688077397550067,0.8776932902422149,0.18706142004957907,0.5239272243206229,0.33686580427104384,0.3746209578143158,0.17472392339770837,0.34853945210322584,0.17381552870551747,0.6108770152122395
topology_class_6,mixed_compact_lowrise,delay_spread,nlos,5,9.282393951062835,9.173828389339807,-0.10856556172302767,1.1482890328596491,0.8141106564798596,0.7441948137879764,-0.06991584269188322,0.8404429008956935,0.03926686648781706,0.11778444762601817,0.0785175811382011,0.35735978129506457,0.20632060397740304,0.3053823168928583,0.09906171291545524,0.756046571205643
topology_class_6,mixed_compact_lowrise,angular_spread,overall,5,16.03154154753528,12.869153904912022,-3.1623876426232584,6.078778973924292,0.544841336119448,0.5849298509397236,0.040088514820275645,0.6830762787965573,0.3692955070229784,0.6598227006592576,0.2905271936362792,0.6557068597714978,0.21154231027182008,0.42636887306650634,0.21482656279468626,0.6086694927387033
topology_class_6,mixed_compact_lowrise,angular_spread,los,5,18.05926523433044,13.75910321998141,-4.300162014349029,7.447174056906985,0.467300612988136,0.544079096936916,0.07677848394878001,0.6454810498763611,0.31362825655295073,0.6840862533160404,0.3704579967630897,0.5472151403855823,0.21533869021555588,0.4360265992550485,0.22068790903949262,0.5455955886549644
topology_class_6,mixed_compact_lowrise,angular_spread,nlos,5,11.121867082830738,10.95046672509438,-0.1714003577363581,1.1208513929282902,0.6943825307734542,0.6637125899883607,-0.030669940785093552,0.7555805735591467,0.0640959860752114,0.16679715993219105,0.10270117385697965,0.3398328521603493,0.19824368216671526,0.3934629009832015,0.19521921881648627,0.7142514750034336
topology_class_6,open_sparse_lowrise,path_loss,overall,5,1.366769526692293,0.832218347265848,-0.534551179426445,0.9943910133164038,0.9439225067325453,0.9798768798590883,0.03595437312654304,0.9677841492328295,0.9702071242402631,0.98631599921674,0.01610887497647684,0.9844844714268156,0.9127689808264173,0.9452110644963421,0.03244208366992474,0.9588080939208706
topology_class_6,open_sparse_lowrise,path_loss,los,5,1.3657436097687017,0.8276420540553113,-0.5381015557133904,0.9961729889231506,0.9442119343163717,0.9802165826392166,0.03600464832284489,0.9678032327923038,0.9699601722484785,0.9861522011577512,0.016192028909272627,0.9843970787972613,0.9144669500798436,0.9458785768759015,0.03141162679605791,0.9597780788972956
topology_class_6,open_sparse_lowrise,path_loss,nlos,5,1.534675765977843,1.4186764358551966,-0.1159993301226463,0.6102312729055991,0.893624973369045,0.92084238255485,0.027217409185804953,0.9644677550016073,0.8492743972087048,0.866860687896195,0.01758629068749018,0.9839416769401833,0.8449615190872072,0.8721723742056059,0.027210855118398714,0.9674758981595453
topology_class_6,open_sparse_lowrise,delay_spread,overall,5,2.512598061678858,2.3163974047638862,-0.1962006569149719,1.0503392488097443,0.9469557190663692,0.9544106857177308,0.007454966651361583,0.9766863070415437,0.45032001266317323,0.5752545341487496,0.12493452148557638,0.7426174792841229,0.2127012474435517,0.37012467993792686,0.15742343249437515,0.6081501283350008
topology_class_6,open_sparse_lowrise,delay_spread,los,5,2.5819568544220237,2.3798783500375644,-0.2020785043844593,1.0805236641962885,0.9487160151067997,0.9559364346885691,0.007220419581769444,0.9768856679209319,0.36948409874532007,0.5233934704351194,0.15390937168979935,0.6755112755069943,0.20715815190762327,0.35895673890818935,0.1517985870005661,0.5884280709818526
topology_class_6,open_sparse_lowrise,delay_spread,nlos,5,0.5073197391811606,0.5063846547201811,-0.0009350844609794517,0.030188067301537377,0.9167876356729,0.9282622873048737,0.011474651631973698,0.9732696455842429,0.029293248085399123,0.05645836941904423,0.02716512133364511,0.09526763847931785,0.3429930745862259,0.5058188450531793,0.1628257704669534,0.7169354693437436
topology_class_6,open_sparse_lowrise,angular_spread,overall,5,7.315954647789112,5.933737466967363,-1.3822171808217485,3.0859042139050015,0.8661576083200485,0.8800394707126507,0.01388186239260214,0.9038898032595996,0.33336733730036205,0.632337413354728,0.298970076054366,0.5857991823034825,0.2686202030856493,0.4011009087781643,0.13248070569251497,0.4742167035506617
topology_class_6,open_sparse_lowrise,angular_spread,los,5,7.471195929879732,6.036854428154795,-1.434341501724937,3.174558231334957,0.8728311251880053,0.885990643816356,0.01315951862835063,0.9068075733111111,0.3333201410653494,0.6347181218034877,0.30139798073813834,0.5836162001425657,0.3089627859787746,0.396144719649899,0.08718193367112442,0.46798243241766535
topology_class_6,open_sparse_lowrise,angular_spread,nlos,5,3.7658249974831115,3.7489329211037132,-0.01689207637939827,0.10447148179994557,0.7517863839485974,0.7780478270584128,0.026261443109815374,0.8538848448803025,0.02823148752642609,0.12781143069529535,0.09957994316886926,0.1349713783542047,0.1726169576866368,0.46602604963008915,0.2934090919434523,0.5812097847159202
topology_class_3,mixed,path_loss,overall,5,2.1260393492638117,1.8359003987327145,-0.2901389505310972,1.1314056402734562,0.8587128957420139,0.8842259278853133,0.025513032143299363,0.954171400513237,0.9371268840876003,0.9557276811595365,0.018600797071936293,0.9786673324274826,0.738076795724989,0.7996540480685765,0.061577252343587574,0.9180115315617424
topology_class_3,mixed,path_loss,los,5,2.1076045219667545,1.815184178663401,-0.2924203433033534,1.117965256054894,0.8615345329595617,0.8889149773836659,0.027380444424104144,0.95064128880946,0.9126350892904576,0.94101530130791,0.028380212017452444,0.9679787035811194,0.7322660947725778,0.8034725084182539,0.07120641364567615,0.9044584301854138
topology_class_3,mixed,path_loss,nlos,5,2.2551647711714633,1.9795927260151942,-0.2755720451562691,1.2244264812174857,0.8382601131956489,0.8502371113420235,0.011976998146374651,0.9797595968244834,0.7818995610798,0.8030680345851622,0.021168473505362218,0.966480207548004,0.7076961504689498,0.7215018963609887,0.013805745892038868,0.9779721958931796
topology_class_3,mixed,delay_spread,overall,5,8.248647224185095,7.653849419307837,-0.5947978048772589,2.773346428894077,0.7722826074955436,0.756105731858539,-0.01617687563700454,0.8649735538800142,0.37640563674469996,0.5411780037218848,0.1647723669771849,0.7283406546403286,0.19548872607502996,0.3395737664863889,0.14408504041135892,0.6739184370445063
topology_class_3,mixed,delay_spread,los,5,7.657881282007992,6.7319200007229485,-0.9259612812850433,3.3160132845162167,0.7505937533111161,0.7622818307086662,0.011688077397550067,0.8776932902422149,0.18706142004957907,0.5239272243206229,0.33686580427104384,0.3746209578143158,0.17472392339770837,0.34853945210322584,0.17381552870551747,0.6108770152122395
topology_class_3,mixed,delay_spread,nlos,5,9.282393951062835,9.173828389339807,-0.10856556172302767,1.1482890328596491,0.8141106564798596,0.7441948137879764,-0.06991584269188322,0.8404429008956935,0.03926686648781706,0.11778444762601817,0.0785175811382011,0.35735978129506457,0.20632060397740304,0.3053823168928583,0.09906171291545524,0.756046571205643
topology_class_3,mixed,angular_spread,overall,5,16.03154154753528,12.869153904912022,-3.1623876426232584,6.078778973924292,0.544841336119448,0.5849298509397236,0.040088514820275645,0.6830762787965573,0.3692955070229784,0.6598227006592576,0.2905271936362792,0.6557068597714978,0.21154231027182008,0.42636887306650634,0.21482656279468626,0.6086694927387033
topology_class_3,mixed,angular_spread,los,5,18.05926523433044,13.75910321998141,-4.300162014349029,7.447174056906985,0.467300612988136,0.544079096936916,0.07677848394878001,0.6454810498763611,0.31362825655295073,0.6840862533160404,0.3704579967630897,0.5472151403855823,0.21533869021555588,0.4360265992550485,0.22068790903949262,0.5455955886549644
topology_class_3,mixed,angular_spread,nlos,5,11.121867082830738,10.95046672509438,-0.1714003577363581,1.1208513929282902,0.6943825307734542,0.6637125899883607,-0.030669940785093552,0.7555805735591467,0.0640959860752114,0.16679715993219105,0.10270117385697965,0.3398328521603493,0.19824368216671526,0.3934629009832015,0.19521921881648627,0.7142514750034336
topology_class_3,open,path_loss,overall,5,1.366769526692293,0.832218347265848,-0.534551179426445,0.9943910133164038,0.9439225067325453,0.9798768798590883,0.03595437312654304,0.9677841492328295,0.9702071242402631,0.98631599921674,0.01610887497647684,0.9844844714268156,0.9127689808264173,0.9452110644963421,0.03244208366992474,0.9588080939208706
topology_class_3,open,path_loss,los,5,1.3657436097687017,0.8276420540553113,-0.5381015557133904,0.9961729889231506,0.9442119343163717,0.9802165826392166,0.03600464832284489,0.9678032327923038,0.9699601722484785,0.9861522011577512,0.016192028909272627,0.9843970787972613,0.9144669500798436,0.9458785768759015,0.03141162679605791,0.9597780788972956
topology_class_3,open,path_loss,nlos,5,1.534675765977843,1.4186764358551966,-0.1159993301226463,0.6102312729055991,0.893624973369045,0.92084238255485,0.027217409185804953,0.9644677550016073,0.8492743972087048,0.866860687896195,0.01758629068749018,0.9839416769401833,0.8449615190872072,0.8721723742056059,0.027210855118398714,0.9674758981595453
topology_class_3,open,delay_spread,overall,5,2.512598061678858,2.3163974047638862,-0.1962006569149719,1.0503392488097443,0.9469557190663692,0.9544106857177308,0.007454966651361583,0.9766863070415437,0.45032001266317323,0.5752545341487496,0.12493452148557638,0.7426174792841229,0.2127012474435517,0.37012467993792686,0.15742343249437515,0.6081501283350008
topology_class_3,open,delay_spread,los,5,2.5819568544220237,2.3798783500375644,-0.2020785043844593,1.0805236641962885,0.9487160151067997,0.9559364346885691,0.007220419581769444,0.9768856679209319,0.36948409874532007,0.5233934704351194,0.15390937168979935,0.6755112755069943,0.20715815190762327,0.35895673890818935,0.1517985870005661,0.5884280709818526
topology_class_3,open,delay_spread,nlos,5,0.5073197391811606,0.5063846547201811,-0.0009350844609794517,0.030188067301537377,0.9167876356729,0.9282622873048737,0.011474651631973698,0.9732696455842429,0.029293248085399123,0.05645836941904423,0.02716512133364511,0.09526763847931785,0.3429930745862259,0.5058188450531793,0.1628257704669534,0.7169354693437436
topology_class_3,open,angular_spread,overall,5,7.315954647789112,5.933737466967363,-1.3822171808217485,3.0859042139050015,0.8661576083200485,0.8800394707126507,0.01388186239260214,0.9038898032595996,0.33336733730036205,0.632337413354728,0.298970076054366,0.5857991823034825,0.2686202030856493,0.4011009087781643,0.13248070569251497,0.4742167035506617
topology_class_3,open,angular_spread,los,5,7.471195929879732,6.036854428154795,-1.434341501724937,3.174558231334957,0.8728311251880053,0.885990643816356,0.01315951862835063,0.9068075733111111,0.3333201410653494,0.6347181218034877,0.30139798073813834,0.5836162001425657,0.3089627859787746,0.396144719649899,0.08718193367112442,0.46798243241766535
topology_class_3,open,angular_spread,nlos,5,3.7658249974831115,3.7489329211037132,-0.01689207637939827,0.10447148179994557,0.7517863839485974,0.7780478270584128,0.026261443109815374,0.8538848448803025,0.02823148752642609,0.12781143069529535,0.09957994316886926,0.1349713783542047,0.1726169576866368,0.46602604963008915,0.2934090919434523,0.5812097847159202
antenna_bin,high_ant,path_loss,overall,5,1.5759491950970923,1.196056201647577,-0.3798929934495152,1.0091457858196797,0.9291660622438277,0.9584584724432293,0.029292410199401653,0.9647097520545432,0.9560623265254932,0.9740884550230692,0.01802612849757601,0.9800554544300425,0.8717786529375632,0.9162132594182861,0.04443460648072295,0.9415858782131917
antenna_bin,high_ant,path_loss,los,5,1.5734746523513816,1.1897825273644027,-0.3836921249869789,1.0095678680565274,0.9297895487061789,0.9591301233934237,0.029340574687244825,0.9648434875695429,0.9552243587592905,0.9739374726389814,0.01871311387969099,0.979086082267554,0.8727238117533427,0.9168480504226634,0.04412423866932069,0.9413776555268796
antenna_bin,high_ant,path_loss,nlos,5,1.8099823602514749,1.718276176168977,-0.09170618408249775,0.9652660959809636,0.8657708387424706,0.890165951797457,0.024395113054986317,0.9511117136440602,0.7379658610037221,0.758954505938673,0.020988644934950895,0.9502455026601828,0.8029399036791309,0.8364874622297075,0.03354755855057656,0.9529337408259553
antenna_bin,high_ant,delay_spread,overall,5,1.533830633731583,1.3262884204215282,-0.20754221331005485,0.7969698082082974,0.9518577687599529,0.9657591121243222,0.013901343364369323,0.9796539534969824,0.5988521220401216,0.6984839755087596,0.09963185346863801,0.8419627139013572,0.2580387297341014,0.43770758422487854,0.17966885449077713,0.634980793459469
antenna_bin,high_ant,delay_spread,los,5,1.5932301387905694,1.3733783627838618,-0.21985177600670758,0.8355435829655973,0.9531876037793833,0.9666882002812388,0.013500596501855533,0.9799389985928354,0.4587170104744871,0.6119679621368657,0.15325095166237857,0.738173863745585,0.23712714988838368,0.4157493900138298,0.17862224012544614,0.6131488775337551
antenna_bin,high_ant,delay_spread,nlos,5,0.6928236172654636,0.6909302905179414,-0.0018933267475221838,0.017168492015370067,0.9384507868696216,0.9563923351089009,0.017941548239279292,0.9767802177461631,0.0958835213062462,0.1606541299181099,0.0647706086118637,0.09375537250197136,0.42716943727241347,0.6046413762160578,0.17747193894364438,0.7271477672202568
antenna_bin,high_ant,angular_spread,overall,5,8.704370199720486,6.633561272144643,-2.0708089275758432,3.739794622415064,0.8077534516204107,0.8446384212833237,0.03688496966291299,0.8562527253496578,0.3698885177282714,0.6737962508603326,0.30390773313206115,0.5973219814282053,0.26237217843370014,0.44332690655425855,0.1809547281205584,0.46038757715765816
antenna_bin,high_ant,angular_spread,los,5,8.994110022696852,6.782881819502981,-2.211228203193871,3.9206938114008625,0.8126791447820056,0.8494452991322642,0.03676615435025854,0.8588974984969697,0.3647038205137328,0.6736680444587716,0.3089642239450388,0.5889021721277614,0.2965832325006792,0.43255703276707974,0.13597380026640055,0.4477938557892561
antenna_bin,high_ant,angular_spread,nlos,5,4.9058763178225675,4.87923959081637,-0.026636727006197347,0.12288591637222422,0.758094149488995,0.7961769780755923,0.038082828586597284,0.8295889473832513,0.11541526258308415,0.1981053718482517,0.08269010926516754,0.15794305060336677,0.2533194838693551,0.558003688776804,0.30468420490744885,0.6230471196519932
antenna_bin,low_ant,path_loss,overall,3,2.293173766855997,1.9155001016682136,-0.3776736651877832,1.2354012658084494,0.8271580781559772,0.8629522106295908,0.03579413247361363,0.9502703116069839,0.945789696006634,0.9618055364729311,0.016015840466297115,0.9847115198396708,0.7027722711799286,0.7611643198279553,0.05839204864802672,0.9252024165195338
antenna_bin,low_ant,path_loss,los,3,2.2960959279440383,1.8956286403237774,-0.40046728762026085,1.2344466047314802,0.8248240697713084,0.8668796451876103,0.042055575416301894,0.9421081724558197,0.9013850944668901,0.934349534136252,0.03296443966936191,0.9677602172472313,0.6833304088586002,0.7597203468517107,0.07638993799311056,0.9020648108885363
antenna_bin,low_ant,path_loss,nlos,3,2.281638228443877,1.9917734816194597,-0.28986474682441754,1.2391508766620007,0.8363427692336887,0.8474971362689836,0.011154367035294932,0.9823896163743377,0.7889721009260031,0.8103196836072255,0.021347582681222388,0.9686054752904936,0.7011182820170215,0.7132467106635497,0.012128428646528189,0.9804114776700034
antenna_bin,low_ant,delay_spread,overall,3,10.546494385749787,9.805324105778421,-0.7411702799713655,3.484723474039289,0.6717773314629564,0.6283524227146182,-0.043424908748338154,0.7976363689252612,0.22510474200879083,0.4092373815085036,0.18413263949971276,0.6682077018392321,0.14755664122857529,0.23801845075442263,0.09046180952584734,0.7240921241766871
antenna_bin,low_ant,delay_spread,los,3,10.685667348421902,9.413509476554207,-1.2721578718676945,4.570667818802612,0.5790221786935713,0.5767107878893867,-0.002311390804184632,0.789727256070344,-0.010759283129967845,0.41694077582936817,0.427700058959336,0.12182718457610925,0.1305286203061415,0.24542417292364557,0.11489555261750406,0.6610596888467296
antenna_bin,low_ant,delay_spread,nlos,3,10.377094501782462,10.25557793687707,-0.12151656490539153,1.2846886196229987,0.7830371239689885,0.6902965563156136,-0.0927405676533749,0.8071233486657046,0.02045819969392343,0.09970666689677954,0.07924846720285611,0.41499574907159736,0.14923761166836383,0.21913456074606852,0.06989694907770469,0.7745719863710626
antenna_bin,low_ant,angular_spread,overall,3,18.370744500807238,15.058867843619664,-3.3118766571875735,6.685751232030532,0.46380313136371865,0.48276090064441085,0.018957769280692205,0.6407350019043991,0.34135962249293067,0.6029058083960038,0.26154618590307316,0.6805248449682729,0.1918449232913437,0.3658974333051955,0.17405251001385177,0.6742573478425226
antenna_bin,low_ant,angular_spread,los,3,22.28953456975943,17.253330624766555,-5.036203944992874,8.980961459169876,0.2852988337714834,0.3601526867252301,0.07485385295374669,0.5578903088092543,0.22216088352732372,0.6111065105210495,0.38894562699372576,0.49462712648550533,0.184236175416497,0.36645278132276116,0.18221660590626415,0.6191410147512187
antenna_bin,low_ant,angular_spread,nlos,3,12.097810893773909,11.904430457317787,-0.19338043645612224,1.251868537778044,0.6779190108440251,0.629829435738083,-0.04808957510594203,0.7401071994459034,0.04635152451417972,0.15014901673701592,0.1037974922228362,0.37019314205215414,0.1755298539004605,0.3440038460851414,0.1684739921846809,0.7279259361820124
antenna_bin,mid_ant,path_loss,overall,2,1.3489476644329295,0.8938287042005538,-0.45511896023237564,0.9564712193069694,0.9412501998156502,0.9746921379049732,0.03344193808932305,0.9679388386811917,0.968825837866487,0.9848982903547833,0.01607245248829625,0.9844517119604014,0.9042600330322621,0.9347667861464316,0.030506753114169505,0.9599184498222243
antenna_bin,mid_ant,path_loss,los,2,1.3452072255112362,0.8851622905164978,-0.4600449349947384,0.9590118835091089,0.9417072318238063,0.9752605743647584,0.0335533425409521,0.9679040898723732,0.9683456889979599,0.984623105497848,0.01627741649988812,0.9841675191874029,0.9075926914906144,0.936365611047077,0.02877291955646266,0.9614508797161574
antenna_bin,mid_ant,path_loss,nlos,2,1.6863277302467503,1.5380600515940541,-0.1482676786526962,0.648306338726466,0.89480733415037,0.9169285290768842,0.02212119492651421,0.971469957358183,0.8443836602388495,0.8570851756932715,0.012701515454421997,0.9881540294543368,0.8210942287125336,0.8422087775357613,0.02111454882322772,0.9722125680961471
antenna_bin,mid_ant,delay_spread,overall,2,3.6110933001780467,3.3452644958222595,-0.26582880435578726,1.4608451676559902,0.9145721895746648,0.9217330353204757,0.007160845745810884,0.9603571582721747,0.23143473502172304,0.4256795514601011,0.19424481643837807,0.5732548983090955,0.15281473735733386,0.31582732288199966,0.1630125855246658,0.5363543305306773
antenna_bin,mid_ant,delay_spread,los,2,3.746129387174465,3.4696291528556134,-0.27650023431885185,1.5174133597909307,0.9160543517721972,0.922873948148593,0.006819596376395842,0.9602236213744164,0.1720557378386372,0.3998862810371815,0.2278305431985443,0.49004071215581474,0.1461814661948224,0.2978763292121579,0.1516948630173355,0.5099033785976209
antenna_bin,mid_ant,delay_spread,nlos,2,0.6821496530995952,0.6808339329119256,-0.0013157201876695668,0.040923304594139516,0.8958123781717692,0.9072924366341394,0.011480058462370213,0.962047342397397,0.041925648392509,0.07749999172930651,0.03557434333679751,0.16721230336555704,0.28071351876000183,0.506858324439243,0.2261448056792411,0.6169140031170844
antenna_bin,mid_ant,angular_spread,overall,2,8.528642493139381,6.926034084608937,-1.6026084085304442,3.5610617837833183,0.8309840671982908,0.8406748669166275,0.009690799718336751,0.8800915921720252,0.3144678462323998,0.6321682399553639,0.31770039372296405,0.586892584799945,0.25950529420740215,0.40181987594716106,0.14231458173975892,0.5383032919226507
antenna_bin,mid_ant,angular_spread,los,2,8.746766166433014,7.0569251626499145,-1.6898410037830995,3.6988461053238155,0.837410202605701,0.8465451920476067,0.009134989441905716,0.8824872861573209,0.31518818218124756,0.6384316549185234,0.3232434727372758,0.5833850453343288,0.2889109455215935,0.3957830052976904,0.10687205977609687,0.5187894517264533
antenna_bin,mid_ant,angular_spread,nlos,2,5.004371042141008,4.980405385649633,-0.02396565649137461,0.1424364801369625,0.7496481051199287,0.7663738271827936,0.016725722062864823,0.8497691568690464,0.03555434003677168,0.1731636874352571,0.1376093473984854,0.2395420991948945,0.17298710691684496,0.4498675691225867,0.2768804622057417,0.6194229521310779
topology_class_6_antenna_bin,mixed_compact_lowrise|high_ant,path_loss,overall,2,1.9042119367525212,1.7346717195989505,-0.1695402171535707,0.991034111856844,0.8969074267189305,0.9099760261231624,0.013068599404231884,0.9588933502018172,0.9266412333985656,0.9483709165950512,0.021729683196485605,0.9713513202023975,0.7807872720981658,0.8462178992976975,0.06543062719953174,0.9093121898753821
topology_class_6_antenna_bin,mixed_compact_lowrise|high_ant,path_loss,los,2,1.9032184976411302,1.7320752630278686,-0.17114323461326153,0.9895632953908723,0.8977892057705902,0.9106767229370685,0.01288751716647829,0.9590684595556644,0.9237454381026862,0.9475983264150041,0.02385288831231791,0.9681944778475321,0.7805874115594978,0.8466753780558809,0.06608796649638304,0.9068219984924981
topology_class_6_antenna_bin,mixed_compact_lowrise|high_ant,path_loss,nlos,2,1.9464786380044767,1.8429333484648565,-0.10354528953962028,1.0523767893901708,0.8589651382004135,0.8798255699207993,0.020860431720385764,0.9513585265819369,0.7055245771081569,0.7247588854150262,0.01923430830686934,0.943529854026104,0.7787199379587546,0.8106363262980777,0.03191638833932309,0.9516343279636229
topology_class_6_antenna_bin,mixed_compact_lowrise|high_ant,delay_spread,overall,2,1.804892470388064,1.495645714919872,-0.3092467554681919,1.0068165179754172,0.9230405215444241,0.9477356955744205,0.024695174029996436,0.9659793313121435,0.6033569788485637,0.7390889370419569,0.13573195819339323,0.8185400838419735,0.267386853344712,0.4919067400843381,0.22451988673962608,0.5986579063462351
topology_class_6_antenna_bin,mixed_compact_lowrise|high_ant,delay_spread,los,2,1.947363902492786,1.600236990888339,-0.3471269116044471,1.1062147735786632,0.9200356126327695,0.9455493830502968,0.025513770417527337,0.9645674033956283,0.38242657790732876,0.6295856516853429,0.2471590737780141,0.6242768058643224,0.21837063087714953,0.45037476292092327,0.23200413204377374,0.5613172583276034
topology_class_6_antenna_bin,mixed_compact_lowrise|high_ant,delay_spread,nlos,2,0.8237492484879441,0.8214642138136162,-0.002285034674327835,0.02006144089578217,0.9375374108310399,0.9582833466147677,0.020745935783727742,0.9727910395163479,0.11397651513271906,0.18959095370966442,0.07561443857694536,0.12842474038660331,0.4330591785792196,0.6479658518529112,0.21490667327369162,0.6824620224879864
topology_class_6_antenna_bin,mixed_compact_lowrise|high_ant,angular_spread,overall,2,11.674734716684815,8.595554343576529,-3.0791803731082865,5.032889848751263,0.6663986432530421,0.7381832763826927,0.07178463312965055,0.7465881941347944,0.41119933381805,0.7451980390541383,0.33399870523608827,0.618479881976335,0.24108839074253463,0.5170760327084727,0.27598764196593806,0.5102877100829745
topology_class_6_antenna_bin,mixed_compact_lowrise|high_ant,angular_spread,los,2,12.552668901455212,9.071579355351684,-3.4810895461035276,5.5295485733443925,0.6470432069409056,0.7257224314700148,0.07867922452910925,0.731984528432502,0.403960246495209,0.7561600996951061,0.3521998531998971,0.5991503800843777,0.24605512998058943,0.5047367984639297,0.2586816684833403,0.4729630807926845
topology_class_6_antenna_bin,mixed_compact_lowrise|high_ant,angular_spread,nlos,2,5.803798530578404,5.771511375641305,-0.03228715493709888,0.14668781076369725,0.7597770535678777,0.7982994045009713,0.03852235093309353,0.8170421516719998,0.13457851964043135,0.23292502228048634,0.09834650264005498,0.21923915908102373,0.2884649693928497,0.5899185378570826,0.3014535684642329,0.6599353344042687
topology_class_6_antenna_bin,mixed_compact_lowrise|low_ant,path_loss,overall,3,2.293173766855997,1.9155001016682136,-0.3776736651877832,1.2354012658084494,0.8271580781559772,0.8629522106295908,0.03579413247361363,0.9502703116069839,0.945789696006634,0.9618055364729311,0.016015840466297115,0.9847115198396708,0.7027722711799286,0.7611643198279553,0.05839204864802672,0.9252024165195338
topology_class_6_antenna_bin,mixed_compact_lowrise|low_ant,path_loss,los,3,2.2960959279440383,1.8956286403237774,-0.40046728762026085,1.2344466047314802,0.8248240697713084,0.8668796451876103,0.042055575416301894,0.9421081724558197,0.9013850944668901,0.934349534136252,0.03296443966936191,0.9677602172472313,0.6833304088586002,0.7597203468517107,0.07638993799311056,0.9020648108885363
topology_class_6_antenna_bin,mixed_compact_lowrise|low_ant,path_loss,nlos,3,2.281638228443877,1.9917734816194597,-0.28986474682441754,1.2391508766620007,0.8363427692336887,0.8474971362689836,0.011154367035294932,0.9823896163743377,0.7889721009260031,0.8103196836072255,0.021347582681222388,0.9686054752904936,0.7011182820170215,0.7132467106635497,0.012128428646528189,0.9804114776700034
topology_class_6_antenna_bin,mixed_compact_lowrise|low_ant,delay_spread,overall,3,10.546494385749787,9.805324105778421,-0.7411702799713655,3.484723474039289,0.6717773314629564,0.6283524227146182,-0.043424908748338154,0.7976363689252612,0.22510474200879083,0.4092373815085036,0.18413263949971276,0.6682077018392321,0.14755664122857529,0.23801845075442263,0.09046180952584734,0.7240921241766871
topology_class_6_antenna_bin,mixed_compact_lowrise|low_ant,delay_spread,los,3,10.685667348421902,9.413509476554207,-1.2721578718676945,4.570667818802612,0.5790221786935713,0.5767107878893867,-0.002311390804184632,0.789727256070344,-0.010759283129967845,0.41694077582936817,0.427700058959336,0.12182718457610925,0.1305286203061415,0.24542417292364557,0.11489555261750406,0.6610596888467296
topology_class_6_antenna_bin,mixed_compact_lowrise|low_ant,delay_spread,nlos,3,10.377094501782462,10.25557793687707,-0.12151656490539153,1.2846886196229987,0.7830371239689885,0.6902965563156136,-0.0927405676533749,0.8071233486657046,0.02045819969392343,0.09970666689677954,0.07924846720285611,0.41499574907159736,0.14923761166836383,0.21913456074606852,0.06989694907770469,0.7745719863710626
topology_class_6_antenna_bin,mixed_compact_lowrise|low_ant,angular_spread,overall,3,18.370744500807238,15.058867843619664,-3.3118766571875735,6.685751232030532,0.46380313136371865,0.48276090064441085,0.018957769280692205,0.6407350019043991,0.34135962249293067,0.6029058083960038,0.26154618590307316,0.6805248449682729,0.1918449232913437,0.3658974333051955,0.17405251001385177,0.6742573478425226
topology_class_6_antenna_bin,mixed_compact_lowrise|low_ant,angular_spread,los,3,22.28953456975943,17.253330624766555,-5.036203944992874,8.980961459169876,0.2852988337714834,0.3601526867252301,0.07485385295374669,0.5578903088092543,0.22216088352732372,0.6111065105210495,0.38894562699372576,0.49462712648550533,0.184236175416497,0.36645278132276116,0.18221660590626415,0.6191410147512187
topology_class_6_antenna_bin,mixed_compact_lowrise|low_ant,angular_spread,nlos,3,12.097810893773909,11.904430457317787,-0.19338043645612224,1.251868537778044,0.6779190108440251,0.629829435738083,-0.04808957510594203,0.7401071994459034,0.04635152451417972,0.15014901673701592,0.1037974922228362,0.37019314205215414,0.1755298539004605,0.3440038460851414,0.1684739921846809,0.7279259361820124
topology_class_6_antenna_bin,open_sparse_lowrise|high_ant,path_loss,overall,3,1.378230002674226,0.7895985036324974,-0.5886314990417286,1.0182815958670468,0.9456594820261369,0.9832469151724009,0.037587433146264004,0.9676836024923763,0.9711049478732655,0.9872374971371904,0.016132549263924933,0.9845057647832909,0.9182996373449555,0.9519996495875604,0.03370001224260499,0.9580863834048022
topology_class_6_antenna_bin,open_sparse_lowrise|high_ant,path_loss,los,3,1.3788406922787322,0.7882766767130822,-0.59056401556565,1.0194471099090823,0.9458291266102367,0.9834164909770631,0.037587364366826415,0.9677381131650611,0.971002583424681,0.9871394807748384,0.01613689735015733,0.9845452968124341,0.9189054068747776,0.9520207502135583,0.033115343338780634,0.9586980127251151
topology_class_6_antenna_bin,open_sparse_lowrise|high_ant,path_loss,nlos,3,1.1658252017543675,1.1370316939911562,-0.028793507763211323,0.5240867687865792,0.8912139269648489,0.9288234341117407,0.03760950714689182,0.9501890043191323,0.8592474900000817,0.8867947164247985,0.027547226424716742,0.9753519321322786,0.8937010383786462,0.933361192668236,0.0396601542895898,0.9578031195521692
topology_class_6_antenna_bin,open_sparse_lowrise|high_ant,delay_spread,overall,3,1.3522518814407596,1.217496829560064,-0.13475505188069548,0.6449613632415957,0.9685447387275056,0.9761957859825675,0.007651047255061938,0.987572406221123,0.5962435310908066,0.6749711892745154,0.07872765818370875,0.8555258666008079,0.25262558750103026,0.40632291797521164,0.15369733047418138,0.6560139935378833
topology_class_6_antenna_bin,open_sparse_lowrise|high_ant,delay_spread,los,3,1.3819972132472929,1.2442034646528832,-0.13779374859440963,0.6593154322219608,0.96980442397225,0.9772836400381752,0.007479216065925276,0.9876437253569054,0.49695617369090145,0.6031374222713681,0.10618124858046668,0.7952626498441172,0.24652850688306296,0.39839406456252896,0.151865557679466,0.6391285145590181
topology_class_6_antenna_bin,open_sparse_lowrise|high_ant,delay_spread,nlos,3,0.14729853779775748,0.14733317165272333,3.463385496585425e-05,0.006793857087260783,0.9405590208809053,0.9520275449195418,0.011468524038636518,0.9859879491359945,-0.00544222803643886,-0.0014000542814366938,0.004042173755002166,0.013732317991384104,0.4135748689717689,0.5046407968265691,0.09106592785480022,0.8302903972923141
topology_class_6_antenna_bin,open_sparse_lowrise|high_ant,angular_spread,overall,3,6.380712512224375,5.16740764639717,-1.2133048658272045,2.7234599336835714,0.8896066357345538,0.9062825399099996,0.016675904175445844,0.9197552773179826,0.3459669980123369,0.6324501956209707,0.28648319760863383,0.5850702473058408,0.27469680900448074,0.40062159733216635,0.1259247883276856,0.43149231130266913
topology_class_6_antenna_bin,open_sparse_lowrise|high_ant,angular_spread,los,3,6.516276028465008,5.274444864371103,-1.241831164093905,2.7840767529272497,0.8957010840800176,0.9114590899962084,0.01575800591619081,0.9225102689751417,0.34502726567080005,0.632320432994348,0.287293167323548,0.583765448117397,0.32190950598301343,0.39637826501694684,0.07446875903393341,0.435178248949047
topology_class_6_antenna_bin,open_sparse_lowrise|high_ant,angular_spread,nlos,3,1.36789533007126,1.368037573835148,0.00014224376388805027,0.017053981993051356,0.7542097081779026,0.7912780411783867,0.03706833300048418,0.8585491788035576,0.008095744331707354,0.0031057379715012166,-0.0049900063602061374,0.016460752849425917,0.17219746534260952,0.4843385525635656,0.3121410872209561,0.537902572749882
topology_class_6_antenna_bin,open_sparse_lowrise|mid_ant,path_loss,overall,2,1.3489476644329295,0.8938287042005538,-0.45511896023237564,0.9564712193069694,0.9412501998156502,0.9746921379049732,0.03344193808932305,0.9679388386811917,0.968825837866487,0.9848982903547833,0.01607245248829625,0.9844517119604014,0.9042600330322621,0.9347667861464316,0.030506753114169505,0.9599184498222243
topology_class_6_antenna_bin,open_sparse_lowrise|mid_ant,path_loss,los,2,1.3452072255112362,0.8851622905164978,-0.4600449349947384,0.9590118835091089,0.9417072318238063,0.9752605743647584,0.0335533425409521,0.9679040898723732,0.9683456889979599,0.984623105497848,0.01627741649988812,0.9841675191874029,0.9075926914906144,0.936365611047077,0.02877291955646266,0.9614508797161574
topology_class_6_antenna_bin,open_sparse_lowrise|mid_ant,path_loss,nlos,2,1.6863277302467503,1.5380600515940541,-0.1482676786526962,0.648306338726466,0.89480733415037,0.9169285290768842,0.02212119492651421,0.971469957358183,0.8443836602388495,0.8570851756932715,0.012701515454421997,0.9881540294543368,0.8210942287125336,0.8422087775357613,0.02111454882322772,0.9722125680961471
topology_class_6_antenna_bin,open_sparse_lowrise|mid_ant,delay_spread,overall,2,3.6110933001780467,3.3452644958222595,-0.26582880435578726,1.4608451676559902,0.9145721895746648,0.9217330353204757,0.007160845745810884,0.9603571582721747,0.23143473502172304,0.4256795514601011,0.19424481643837807,0.5732548983090955,0.15281473735733386,0.31582732288199966,0.1630125855246658,0.5363543305306773
topology_class_6_antenna_bin,open_sparse_lowrise|mid_ant,delay_spread,los,2,3.746129387174465,3.4696291528556134,-0.27650023431885185,1.5174133597909307,0.9160543517721972,0.922873948148593,0.006819596376395842,0.9602236213744164,0.1720557378386372,0.3998862810371815,0.2278305431985443,0.49004071215581474,0.1461814661948224,0.2978763292121579,0.1516948630173355,0.5099033785976209
topology_class_6_antenna_bin,open_sparse_lowrise|mid_ant,delay_spread,nlos,2,0.6821496530995952,0.6808339329119256,-0.0013157201876695668,0.040923304594139516,0.8958123781717692,0.9072924366341394,0.011480058462370213,0.962047342397397,0.041925648392509,0.07749999172930651,0.03557434333679751,0.16721230336555704,0.28071351876000183,0.506858324439243,0.2261448056792411,0.6169140031170844
topology_class_6_antenna_bin,open_sparse_lowrise|mid_ant,angular_spread,overall,2,8.528642493139381,6.926034084608937,-1.6026084085304442,3.5610617837833183,0.8309840671982908,0.8406748669166275,0.009690799718336751,0.8800915921720252,0.3144678462323998,0.6321682399553639,0.31770039372296405,0.586892584799945,0.25950529420740215,0.40181987594716106,0.14231458173975892,0.5383032919226507
topology_class_6_antenna_bin,open_sparse_lowrise|mid_ant,angular_spread,los,2,8.746766166433014,7.0569251626499145,-1.6898410037830995,3.6988461053238155,0.837410202605701,0.8465451920476067,0.009134989441905716,0.8824872861573209,0.31518818218124756,0.6384316549185234,0.3232434727372758,0.5833850453343288,0.2889109455215935,0.3957830052976904,0.10687205977609687,0.5187894517264533
topology_class_6_antenna_bin,open_sparse_lowrise|mid_ant,angular_spread,nlos,2,5.004371042141008,4.980405385649633,-0.02396565649137461,0.1424364801369625,0.7496481051199287,0.7663738271827936,0.016725722062864823,0.8497691568690464,0.03555434003677168,0.1731636874352571,0.1376093473984854,0.2395420991948945,0.17298710691684496,0.4498675691225867,0.2768804622057417,0.6194229521310779
topology_class_3_antenna_bin,mixed|high_ant,path_loss,overall,2,1.9042119367525212,1.7346717195989505,-0.1695402171535707,0.991034111856844,0.8969074267189305,0.9099760261231624,0.013068599404231884,0.9588933502018172,0.9266412333985656,0.9483709165950512,0.021729683196485605,0.9713513202023975,0.7807872720981658,0.8462178992976975,0.06543062719953174,0.9093121898753821
topology_class_3_antenna_bin,mixed|high_ant,path_loss,los,2,1.9032184976411302,1.7320752630278686,-0.17114323461326153,0.9895632953908723,0.8977892057705902,0.9106767229370685,0.01288751716647829,0.9590684595556644,0.9237454381026862,0.9475983264150041,0.02385288831231791,0.9681944778475321,0.7805874115594978,0.8466753780558809,0.06608796649638304,0.9068219984924981
topology_class_3_antenna_bin,mixed|high_ant,path_loss,nlos,2,1.9464786380044767,1.8429333484648565,-0.10354528953962028,1.0523767893901708,0.8589651382004135,0.8798255699207993,0.020860431720385764,0.9513585265819369,0.7055245771081569,0.7247588854150262,0.01923430830686934,0.943529854026104,0.7787199379587546,0.8106363262980777,0.03191638833932309,0.9516343279636229
topology_class_3_antenna_bin,mixed|high_ant,delay_spread,overall,2,1.804892470388064,1.495645714919872,-0.3092467554681919,1.0068165179754172,0.9230405215444241,0.9477356955744205,0.024695174029996436,0.9659793313121435,0.6033569788485637,0.7390889370419569,0.13573195819339323,0.8185400838419735,0.267386853344712,0.4919067400843381,0.22451988673962608,0.5986579063462351
topology_class_3_antenna_bin,mixed|high_ant,delay_spread,los,2,1.947363902492786,1.600236990888339,-0.3471269116044471,1.1062147735786632,0.9200356126327695,0.9455493830502968,0.025513770417527337,0.9645674033956283,0.38242657790732876,0.6295856516853429,0.2471590737780141,0.6242768058643224,0.21837063087714953,0.45037476292092327,0.23200413204377374,0.5613172583276034
topology_class_3_antenna_bin,mixed|high_ant,delay_spread,nlos,2,0.8237492484879441,0.8214642138136162,-0.002285034674327835,0.02006144089578217,0.9375374108310399,0.9582833466147677,0.020745935783727742,0.9727910395163479,0.11397651513271906,0.18959095370966442,0.07561443857694536,0.12842474038660331,0.4330591785792196,0.6479658518529112,0.21490667327369162,0.6824620224879864
topology_class_3_antenna_bin,mixed|high_ant,angular_spread,overall,2,11.674734716684815,8.595554343576529,-3.0791803731082865,5.032889848751263,0.6663986432530421,0.7381832763826927,0.07178463312965055,0.7465881941347944,0.41119933381805,0.7451980390541383,0.33399870523608827,0.618479881976335,0.24108839074253463,0.5170760327084727,0.27598764196593806,0.5102877100829745
topology_class_3_antenna_bin,mixed|high_ant,angular_spread,los,2,12.552668901455212,9.071579355351684,-3.4810895461035276,5.5295485733443925,0.6470432069409056,0.7257224314700148,0.07867922452910925,0.731984528432502,0.403960246495209,0.7561600996951061,0.3521998531998971,0.5991503800843777,0.24605512998058943,0.5047367984639297,0.2586816684833403,0.4729630807926845
topology_class_3_antenna_bin,mixed|high_ant,angular_spread,nlos,2,5.803798530578404,5.771511375641305,-0.03228715493709888,0.14668781076369725,0.7597770535678777,0.7982994045009713,0.03852235093309353,0.8170421516719998,0.13457851964043135,0.23292502228048634,0.09834650264005498,0.21923915908102373,0.2884649693928497,0.5899185378570826,0.3014535684642329,0.6599353344042687
topology_class_3_antenna_bin,mixed|low_ant,path_loss,overall,3,2.293173766855997,1.9155001016682136,-0.3776736651877832,1.2354012658084494,0.8271580781559772,0.8629522106295908,0.03579413247361363,0.9502703116069839,0.945789696006634,0.9618055364729311,0.016015840466297115,0.9847115198396708,0.7027722711799286,0.7611643198279553,0.05839204864802672,0.9252024165195338
topology_class_3_antenna_bin,mixed|low_ant,path_loss,los,3,2.2960959279440383,1.8956286403237774,-0.40046728762026085,1.2344466047314802,0.8248240697713084,0.8668796451876103,0.042055575416301894,0.9421081724558197,0.9013850944668901,0.934349534136252,0.03296443966936191,0.9677602172472313,0.6833304088586002,0.7597203468517107,0.07638993799311056,0.9020648108885363
topology_class_3_antenna_bin,mixed|low_ant,path_loss,nlos,3,2.281638228443877,1.9917734816194597,-0.28986474682441754,1.2391508766620007,0.8363427692336887,0.8474971362689836,0.011154367035294932,0.9823896163743377,0.7889721009260031,0.8103196836072255,0.021347582681222388,0.9686054752904936,0.7011182820170215,0.7132467106635497,0.012128428646528189,0.9804114776700034
topology_class_3_antenna_bin,mixed|low_ant,delay_spread,overall,3,10.546494385749787,9.805324105778421,-0.7411702799713655,3.484723474039289,0.6717773314629564,0.6283524227146182,-0.043424908748338154,0.7976363689252612,0.22510474200879083,0.4092373815085036,0.18413263949971276,0.6682077018392321,0.14755664122857529,0.23801845075442263,0.09046180952584734,0.7240921241766871
topology_class_3_antenna_bin,mixed|low_ant,delay_spread,los,3,10.685667348421902,9.413509476554207,-1.2721578718676945,4.570667818802612,0.5790221786935713,0.5767107878893867,-0.002311390804184632,0.789727256070344,-0.010759283129967845,0.41694077582936817,0.427700058959336,0.12182718457610925,0.1305286203061415,0.24542417292364557,0.11489555261750406,0.6610596888467296
topology_class_3_antenna_bin,mixed|low_ant,delay_spread,nlos,3,10.377094501782462,10.25557793687707,-0.12151656490539153,1.2846886196229987,0.7830371239689885,0.6902965563156136,-0.0927405676533749,0.8071233486657046,0.02045819969392343,0.09970666689677954,0.07924846720285611,0.41499574907159736,0.14923761166836383,0.21913456074606852,0.06989694907770469,0.7745719863710626
topology_class_3_antenna_bin,mixed|low_ant,angular_spread,overall,3,18.370744500807238,15.058867843619664,-3.3118766571875735,6.685751232030532,0.46380313136371865,0.48276090064441085,0.018957769280692205,0.6407350019043991,0.34135962249293067,0.6029058083960038,0.26154618590307316,0.6805248449682729,0.1918449232913437,0.3658974333051955,0.17405251001385177,0.6742573478425226
topology_class_3_antenna_bin,mixed|low_ant,angular_spread,los,3,22.28953456975943,17.253330624766555,-5.036203944992874,8.980961459169876,0.2852988337714834,0.3601526867252301,0.07485385295374669,0.5578903088092543,0.22216088352732372,0.6111065105210495,0.38894562699372576,0.49462712648550533,0.184236175416497,0.36645278132276116,0.18221660590626415,0.6191410147512187
topology_class_3_antenna_bin,mixed|low_ant,angular_spread,nlos,3,12.097810893773909,11.904430457317787,-0.19338043645612224,1.251868537778044,0.6779190108440251,0.629829435738083,-0.04808957510594203,0.7401071994459034,0.04635152451417972,0.15014901673701592,0.1037974922228362,0.37019314205215414,0.1755298539004605,0.3440038460851414,0.1684739921846809,0.7279259361820124
topology_class_3_antenna_bin,open|high_ant,path_loss,overall,3,1.378230002674226,0.7895985036324974,-0.5886314990417286,1.0182815958670468,0.9456594820261369,0.9832469151724009,0.037587433146264004,0.9676836024923763,0.9711049478732655,0.9872374971371904,0.016132549263924933,0.9845057647832909,0.9182996373449555,0.9519996495875604,0.03370001224260499,0.9580863834048022
topology_class_3_antenna_bin,open|high_ant,path_loss,los,3,1.3788406922787322,0.7882766767130822,-0.59056401556565,1.0194471099090823,0.9458291266102367,0.9834164909770631,0.037587364366826415,0.9677381131650611,0.971002583424681,0.9871394807748384,0.01613689735015733,0.9845452968124341,0.9189054068747776,0.9520207502135583,0.033115343338780634,0.9586980127251151
topology_class_3_antenna_bin,open|high_ant,path_loss,nlos,3,1.1658252017543675,1.1370316939911562,-0.028793507763211323,0.5240867687865792,0.8912139269648489,0.9288234341117407,0.03760950714689182,0.9501890043191323,0.8592474900000817,0.8867947164247985,0.027547226424716742,0.9753519321322786,0.8937010383786462,0.933361192668236,0.0396601542895898,0.9578031195521692
topology_class_3_antenna_bin,open|high_ant,delay_spread,overall,3,1.3522518814407596,1.217496829560064,-0.13475505188069548,0.6449613632415957,0.9685447387275056,0.9761957859825675,0.007651047255061938,0.987572406221123,0.5962435310908066,0.6749711892745154,0.07872765818370875,0.8555258666008079,0.25262558750103026,0.40632291797521164,0.15369733047418138,0.6560139935378833
topology_class_3_antenna_bin,open|high_ant,delay_spread,los,3,1.3819972132472929,1.2442034646528832,-0.13779374859440963,0.6593154322219608,0.96980442397225,0.9772836400381752,0.007479216065925276,0.9876437253569054,0.49695617369090145,0.6031374222713681,0.10618124858046668,0.7952626498441172,0.24652850688306296,0.39839406456252896,0.151865557679466,0.6391285145590181
topology_class_3_antenna_bin,open|high_ant,delay_spread,nlos,3,0.14729853779775748,0.14733317165272333,3.463385496585425e-05,0.006793857087260783,0.9405590208809053,0.9520275449195418,0.011468524038636518,0.9859879491359945,-0.00544222803643886,-0.0014000542814366938,0.004042173755002166,0.013732317991384104,0.4135748689717689,0.5046407968265691,0.09106592785480022,0.8302903972923141
topology_class_3_antenna_bin,open|high_ant,angular_spread,overall,3,6.380712512224375,5.16740764639717,-1.2133048658272045,2.7234599336835714,0.8896066357345538,0.9062825399099996,0.016675904175445844,0.9197552773179826,0.3459669980123369,0.6324501956209707,0.28648319760863383,0.5850702473058408,0.27469680900448074,0.40062159733216635,0.1259247883276856,0.43149231130266913
topology_class_3_antenna_bin,open|high_ant,angular_spread,los,3,6.516276028465008,5.274444864371103,-1.241831164093905,2.7840767529272497,0.8957010840800176,0.9114590899962084,0.01575800591619081,0.9225102689751417,0.34502726567080005,0.632320432994348,0.287293167323548,0.583765448117397,0.32190950598301343,0.39637826501694684,0.07446875903393341,0.435178248949047
topology_class_3_antenna_bin,open|high_ant,angular_spread,nlos,3,1.36789533007126,1.368037573835148,0.00014224376388805027,0.017053981993051356,0.7542097081779026,0.7912780411783867,0.03706833300048418,0.8585491788035576,0.008095744331707354,0.0031057379715012166,-0.0049900063602061374,0.016460752849425917,0.17219746534260952,0.4843385525635656,0.3121410872209561,0.537902572749882
topology_class_3_antenna_bin,open|mid_ant,path_loss,overall,2,1.3489476644329295,0.8938287042005538,-0.45511896023237564,0.9564712193069694,0.9412501998156502,0.9746921379049732,0.03344193808932305,0.9679388386811917,0.968825837866487,0.9848982903547833,0.01607245248829625,0.9844517119604014,0.9042600330322621,0.9347667861464316,0.030506753114169505,0.9599184498222243
topology_class_3_antenna_bin,open|mid_ant,path_loss,los,2,1.3452072255112362,0.8851622905164978,-0.4600449349947384,0.9590118835091089,0.9417072318238063,0.9752605743647584,0.0335533425409521,0.9679040898723732,0.9683456889979599,0.984623105497848,0.01627741649988812,0.9841675191874029,0.9075926914906144,0.936365611047077,0.02877291955646266,0.9614508797161574
topology_class_3_antenna_bin,open|mid_ant,path_loss,nlos,2,1.6863277302467503,1.5380600515940541,-0.1482676786526962,0.648306338726466,0.89480733415037,0.9169285290768842,0.02212119492651421,0.971469957358183,0.8443836602388495,0.8570851756932715,0.012701515454421997,0.9881540294543368,0.8210942287125336,0.8422087775357613,0.02111454882322772,0.9722125680961471
topology_class_3_antenna_bin,open|mid_ant,delay_spread,overall,2,3.6110933001780467,3.3452644958222595,-0.26582880435578726,1.4608451676559902,0.9145721895746648,0.9217330353204757,0.007160845745810884,0.9603571582721747,0.23143473502172304,0.4256795514601011,0.19424481643837807,0.5732548983090955,0.15281473735733386,0.31582732288199966,0.1630125855246658,0.5363543305306773
topology_class_3_antenna_bin,open|mid_ant,delay_spread,los,2,3.746129387174465,3.4696291528556134,-0.27650023431885185,1.5174133597909307,0.9160543517721972,0.922873948148593,0.006819596376395842,0.9602236213744164,0.1720557378386372,0.3998862810371815,0.2278305431985443,0.49004071215581474,0.1461814661948224,0.2978763292121579,0.1516948630173355,0.5099033785976209
topology_class_3_antenna_bin,open|mid_ant,delay_spread,nlos,2,0.6821496530995952,0.6808339329119256,-0.0013157201876695668,0.040923304594139516,0.8958123781717692,0.9072924366341394,0.011480058462370213,0.962047342397397,0.041925648392509,0.07749999172930651,0.03557434333679751,0.16721230336555704,0.28071351876000183,0.506858324439243,0.2261448056792411,0.6169140031170844
topology_class_3_antenna_bin,open|mid_ant,angular_spread,overall,2,8.528642493139381,6.926034084608937,-1.6026084085304442,3.5610617837833183,0.8309840671982908,0.8406748669166275,0.009690799718336751,0.8800915921720252,0.3144678462323998,0.6321682399553639,0.31770039372296405,0.586892584799945,0.25950529420740215,0.40181987594716106,0.14231458173975892,0.5383032919226507
topology_class_3_antenna_bin,open|mid_ant,angular_spread,los,2,8.746766166433014,7.0569251626499145,-1.6898410037830995,3.6988461053238155,0.837410202605701,0.8465451920476067,0.009134989441905716,0.8824872861573209,0.31518818218124756,0.6384316549185234,0.3232434727372758,0.5833850453343288,0.2889109455215935,0.3957830052976904,0.10687205977609687,0.5187894517264533
topology_class_3_antenna_bin,open|mid_ant,angular_spread,nlos,2,5.004371042141008,4.980405385649633,-0.02396565649137461,0.1424364801369625,0.7496481051199287,0.7663738271827936,0.016725722062864823,0.8497691568690464,0.03555434003677168,0.1731636874352571,0.1376093473984854,0.2395420991948945,0.17298710691684496,0.4498675691225867,0.2768804622057417,0.6194229521310779
city,Vancouver,path_loss,overall,10,1.7164258307763733,1.334615478145306,-0.38181035263106744,1.0522432113800568,0.9092839566423232,0.9409938213331058,0.03170986469078263,0.9622504321684292,0.9567596692674788,0.9738815359882637,0.017121866720784862,0.9821197451006781,0.8417684898073332,0.8860520378252643,0.04428354801793111,0.9422270662251726
city,Vancouver,path_loss,los,10,1.6843172231965324,1.2919616986207152,-0.39235552457581724,1.0437703089809915,0.9130349624220601,0.9457874939856776,0.03275253156361757,0.9613316040712253,0.9483433330980229,0.9691314302585836,0.020788097160560737,0.9782058382818475,0.8457635708742371,0.8921808151067493,0.046417244232512145,0.938918424882149
city,Vancouver,path_loss,nlos,10,2.215797853129669,1.948311838905805,-0.267486014223864,1.194397445284997,0.841828881624288,0.8547882627765379,0.012959381152249816,0.97877389863718,0.786242481612942,0.8071800508785753,0.020937569265633282,0.967605757951081,0.7165334960309733,0.7312022824970661,0.01466878646609282,0.9772964288652123
city,Vancouver,delay_spread,overall,10,5.916605058972761,5.486563570118447,-0.4300414888543136,2.040998643038506,0.8657610297027625,0.8622310194653622,-0.003530010237400294,0.9247579809853275,0.4159618064216141,0.5594144699412893,0.14345266351967517,0.7359810695263364,0.20470021446764983,0.3559234562626605,0.15122324179501065,0.6387217334756857
city,Vancouver,delay_spread,los,10,5.1250840157635045,4.540636794012033,-0.5844472217514713,2.207656842360016,0.8740056641684851,0.882910802470221,0.008905138301735893,0.9394810003201493,0.30069393745329337,0.5235947448388095,0.22290080738551615,0.562047896757849,0.1949274587365138,0.35502846176270375,0.16010100302618996,0.5968933917713782
city,Vancouver,delay_spread,nlos,10,8.526271777856062,8.426596564748717,-0.09967521310734462,1.0545271140270582,0.8302050883386233,0.7730470592787875,-0.0571580290598358,0.8612632542817442,0.03808318287045915,0.11050617898153035,0.0724229961110712,0.31627730919258057,0.22774376798622198,0.33680038226482945,0.10905661427860747,0.7499159763168506
city,Vancouver,angular_spread,overall,10,12.17011633733829,9.789118542521129,-2.380997794817162,4.719399114174578,0.716797614247799,0.7428613229703225,0.026063708722523504,0.8012472994144089,0.3500681137037637,0.6451136176868749,0.29504550398311125,0.6182949230909544,0.24208823296803358,0.4128464172470551,0.17075818427902154,0.5367154611099614
city,Vancouver,angular_spread,los,10,12.560003039215564,9.699970575171491,-2.860032464044073,5.214521595999479,0.7199087498423653,0.7570584812935603,0.037149731451195045,0.808263391055439,0.3258944858703,0.653334456974723,0.327439971104423,0.5698896460222854,0.2736578738131452,0.41118386363288595,0.13752598981974073,0.4972497448709153
city,Vancouver,angular_spread,nlos,10,10.32132395113485,10.164626669075155,-0.1566972820596959,1.030094483422029,0.7033804815372847,0.6816344328059208,-0.021746048731363876,0.7709895913218255,0.05983953493941681,0.16217027657386268,0.10233074163444587,0.3077211845151602,0.1942267391854409,0.40483704405337323,0.21061030486793234,0.6933974292812523
