group_type,group,pair,pair_label,task,scope,n_samples,rmse_pw,n_pixels,ssim_pw,ssim_pixels,ssim_sample_mean,ssim_sample_count,map_corr,map_corr_pixels,grad_mag_corr,grad_corr_pixels
global,all,prior,GT-prior,path_loss,overall,10,1.7164258307763733,1964610,0.9092839566423232,1964609,0.8993155574674727,10,0.9567596692674788,1964610,0.8417684898073332,1964309
global,all,prior,GT-prior,path_loss,los,10,1.6843172231965324,1861118,0.9130349624220601,1861117,0.8987923748221638,10,0.9483433330980229,1861118,0.8457635708742371,1861065
global,all,prior,GT-prior,path_loss,nlos,10,2.215797853129669,103492,0.841828881624288,103492,0.8728971809443797,10,0.786242481612942,103492,0.7165334960309733,103244
global,all,prior,GT-prior,delay_spread,overall,10,5.916605058972761,2292670,0.8657610297027625,2292670,0.8596191632809564,10,0.4159618064216141,2292670,0.20470021446764983,2292670
global,all,prior,GT-prior,delay_spread,los,10,5.1250840157635045,1861118,0.8740056641684851,1861118,0.8275897257205319,10,0.30069393745329337,1861118,0.1949274587365138,1861118
global,all,prior,GT-prior,delay_spread,nlos,10,8.526271777856062,431552,0.8302050883386233,431552,0.8867649504025457,10,0.03808318287045915,412912,0.22774376798622198,431552
global,all,prior,GT-prior,angular_spread,overall,10,12.17011633733829,2292670,0.716797614247799,2292670,0.7054994722197485,10,0.3500681137037637,2292670,0.24208823296803358,2292670
global,all,prior,GT-prior,angular_spread,los,10,12.560003039215564,1861118,0.7199087498423653,1861118,0.6476224912691526,10,0.3258944858703,1861118,0.2736578738131452,1861118
global,all,prior,GT-prior,angular_spread,nlos,10,10.32132395113485,431552,0.7033804815372847,431552,0.7330165798102479,10,0.05983953493941681,412912,0.1942267391854409,431552
global,all,model,GT-model,path_loss,overall,10,1.334615478145306,1964610,0.9409938213331058,1964609,0.9305818947832589,10,0.9738815359882637,1964610,0.8860520378252643,1964309
global,all,model,GT-model,path_loss,los,10,1.2919616986207152,1861118,0.9457874939856776,1861117,0.931841020530829,10,0.9691314302585836,1861118,0.8921808151067493,1861065
global,all,model,GT-model,path_loss,nlos,10,1.948311838905805,103492,0.8547882627765379,103492,0.8968572225925371,10,0.8071800508785753,103492,0.7312022824970661,103244
global,all,model,GT-model,delay_spread,overall,10,5.486563570118447,2292670,0.8622310194653622,2292670,0.855258208788135,10,0.5594144699412893,2292670,0.3559234562626605,2292670
global,all,model,GT-model,delay_spread,los,10,4.540636794012033,1861118,0.882910802470221,1861118,0.8350349170883055,10,0.5235947448388095,1861118,0.35502846176270375,1861118
global,all,model,GT-model,delay_spread,nlos,10,8.426596564748717,431552,0.7730470592787875,431552,0.87350085695047,10,0.11050617898153035,412912,0.33680038226482945,431552
global,all,model,GT-model,angular_spread,overall,10,9.789118542521129,2292670,0.7428613229703225,2292670,0.7324846608261872,10,0.6451136176868749,2292670,0.4128464172470551,2292670
global,all,model,GT-model,angular_spread,los,10,9.699970575171491,1861118,0.7570584812935603,1861118,0.6926217198231723,10,0.653334456974723,1861118,0.41118386363288595,1861118
global,all,model,GT-model,angular_spread,nlos,10,10.164626669075155,431552,0.6816344328059208,431552,0.7435484720207781,10,0.16217027657386268,412912,0.40483704405337323,431552
global,all,prior_vs_model,prior-model,path_loss,overall,10,1.0522432113800568,1964610,0.9622504321684292,1964609,0.9608549179310044,10,0.9821197451006781,1964610,0.9422270662251726,1964309
global,all,prior_vs_model,prior-model,path_loss,los,10,1.0437703089809915,1861118,0.9613316040712253,1861117,0.9585287673413928,10,0.9782058382818475,1861118,0.938918424882149,1861065
global,all,prior_vs_model,prior-model,path_loss,nlos,10,1.194397445284997,103492,0.97877389863718,103492,0.9631254274512646,10,0.967605757951081,103492,0.9772964288652123,103244
global,all,prior_vs_model,prior-model,delay_spread,overall,10,2.040998643038506,2292670,0.9247579809853275,2292670,0.9208299304607788,10,0.7359810695263364,2292670,0.6387217334756857,2292670
global,all,prior_vs_model,prior-model,delay_spread,los,10,2.207656842360016,1861118,0.9394810003201493,1861118,0.9167350228051824,10,0.562047896757849,1861118,0.5968933917713782,1861118
global,all,prior_vs_model,prior-model,delay_spread,nlos,10,1.0545271140270582,431552,0.8612632542817442,431552,0.9303522900598793,10,0.31627730919258057,431552,0.7499159763168506,431552
global,all,prior_vs_model,prior-model,angular_spread,overall,10,4.719399114174578,2292670,0.8012472994144089,2292670,0.7934830410280784,10,0.6182949230909544,2292670,0.5367154611099614,2292670
global,all,prior_vs_model,prior-model,angular_spread,los,10,5.214521595999479,1861118,0.808263391055439,1861118,0.7665707441215474,10,0.5698896460222854,1861118,0.4972497448709153,1861118
global,all,prior_vs_model,prior-model,angular_spread,nlos,10,1.030094483422029,431552,0.7709895913218255,431552,0.8151141878029262,10,0.3077211845151602,431552,0.6933974292812523,431552
topology_class_6,mixed_compact_lowrise,prior,GT-prior,path_loss,overall,5,2.1260393492638117,798634,0.8587128957420139,798633,0.8547619605513186,5,0.9371268840876003,798634,0.738076795724989,798358
topology_class_6,mixed_compact_lowrise,prior,GT-prior,path_loss,los,5,2.1076045219667545,701813,0.8615345329595617,701812,0.8534353475519524,5,0.9126350892904576,701813,0.7322660947725778,701761
topology_class_6,mixed_compact_lowrise,prior,GT-prior,path_loss,nlos,5,2.2551647711714633,96821,0.8382601131956489,96821,0.852938011819175,5,0.7818995610798,96821,0.7076961504689498,96597
topology_class_6,mixed_compact_lowrise,prior,GT-prior,delay_spread,overall,5,8.248647224185095,1065720,0.7722826074955436,1065720,0.7722826074955436,5,0.37640563674469996,1065720,0.19548872607502996,1065720
topology_class_6,mixed_compact_lowrise,prior,GT-prior,delay_spread,los,5,7.657881282007992,701813,0.7505937533111161,701813,0.7069338696209756,5,0.18706142004957907,701813,0.17472392339770837,701813
topology_class_6,mixed_compact_lowrise,prior,GT-prior,delay_spread,nlos,5,9.282393951062835,363907,0.8141106564798596,363907,0.8498190074015293,5,0.03926686648781706,363907,0.20632060397740304,363907
topology_class_6,mixed_compact_lowrise,prior,GT-prior,angular_spread,overall,5,16.03154154753528,1065720,0.544841336119448,1065720,0.544841336119448,5,0.3692955070229784,1065720,0.21154231027182008,1065720
topology_class_6,mixed_compact_lowrise,prior,GT-prior,angular_spread,los,5,18.05926523433044,701813,0.467300612988136,701813,0.422954102316644,5,0.31362825655295073,701813,0.21533869021555588,701813
topology_class_6,mixed_compact_lowrise,prior,GT-prior,angular_spread,nlos,5,11.121867082830738,363907,0.6943825307734542,363907,0.7127836181048794,5,0.0640959860752114,363907,0.19824368216671526,363907
topology_class_6,mixed_compact_lowrise,model,GT-model,path_loss,overall,5,1.8359003987327145,798634,0.8842259278853133,798633,0.8813518955518174,5,0.9557276811595365,798634,0.7996540480685765,798358
topology_class_6,mixed_compact_lowrise,model,GT-model,path_loss,los,5,1.815184178663401,701813,0.8889149773836659,701812,0.8835429284982311,5,0.94101530130791,701813,0.8034725084182539,701761
topology_class_6,mixed_compact_lowrise,model,GT-model,path_loss,nlos,5,1.9795927260151942,96821,0.8502371113420235,96821,0.8684246913953274,5,0.8030680345851622,96821,0.7215018963609887,96597
topology_class_6,mixed_compact_lowrise,model,GT-model,delay_spread,overall,5,7.653849419307837,1065720,0.756105731858539,1065720,0.7561057318585391,5,0.5411780037218848,1065720,0.3395737664863889,1065720
topology_class_6,mixed_compact_lowrise,model,GT-model,delay_spread,los,5,6.7319200007229485,701813,0.7622818307086662,701813,0.7146033007294574,5,0.5239272243206229,701813,0.34853945210322584,701813
topology_class_6,mixed_compact_lowrise,model,GT-model,delay_spread,nlos,5,9.173828389339807,363907,0.7441948137879764,363907,0.81173084503972,5,0.11778444762601817,363907,0.3053823168928583,363907
topology_class_6,mixed_compact_lowrise,model,GT-model,angular_spread,overall,5,12.869153904912022,1065720,0.5849298509397236,1065720,0.5849298509397236,5,0.6598227006592576,1065720,0.42636887306650634,1065720
topology_class_6,mixed_compact_lowrise,model,GT-model,angular_spread,los,5,13.75910321998141,701813,0.544079096936916,701813,0.49983794304873064,5,0.6840862533160404,701813,0.4360265992550485,701813
topology_class_6,mixed_compact_lowrise,model,GT-model,angular_spread,nlos,5,10.95046672509438,363907,0.6637125899883607,363907,0.7045289309987245,5,0.16679715993219105,363907,0.3934629009832015,363907
topology_class_6,mixed_compact_lowrise,prior_vs_model,prior-model,path_loss,overall,5,1.1314056402734562,798634,0.954171400513237,798633,0.9539269914833655,5,0.9786673324274826,798634,0.9180115315617424,798358
topology_class_6,mixed_compact_lowrise,prior_vs_model,prior-model,path_loss,los,5,1.117965256054894,701813,0.95064128880946,701812,0.9492564484663187,5,0.9679787035811194,701813,0.9044584301854138,701761
topology_class_6,mixed_compact_lowrise,prior_vs_model,prior-model,path_loss,nlos,5,1.2244264812174857,96821,0.9797595968244834,96821,0.9687092632779486,5,0.966480207548004,96821,0.9779721958931796,96597
topology_class_6,mixed_compact_lowrise,prior_vs_model,prior-model,delay_spread,overall,5,2.773346428894077,1065720,0.8649735538800142,1065720,0.8649735538800142,5,0.7283406546403286,1065720,0.6739184370445063,1065720
topology_class_6,mixed_compact_lowrise,prior_vs_model,prior-model,delay_spread,los,5,3.3160132845162167,701813,0.8776932902422149,701813,0.8568228890914469,5,0.3746209578143158,701813,0.6108770152122395,701813
topology_class_6,mixed_compact_lowrise,prior_vs_model,prior-model,delay_spread,nlos,5,1.1482890328596491,363907,0.8404429008956935,363907,0.8841614815206931,5,0.35735978129506457,363907,0.756046571205643,363907
topology_class_6,mixed_compact_lowrise,prior_vs_model,prior-model,angular_spread,overall,5,6.078778973924292,1065720,0.6830762787965573,1065720,0.6830762787965574,5,0.6557068597714978,1065720,0.6086694927387033,1065720
topology_class_6,mixed_compact_lowrise,prior_vs_model,prior-model,angular_spread,los,5,7.447174056906985,701813,0.6454810498763611,701813,0.626705225488159,5,0.5472151403855823,701813,0.5455955886549644,701813
topology_class_6,mixed_compact_lowrise,prior_vs_model,prior-model,angular_spread,nlos,5,1.1208513929282902,363907,0.7555805735591467,363907,0.7749595208511826,5,0.3398328521603493,363907,0.7142514750034336,363907
topology_class_6,open_sparse_lowrise,prior,GT-prior,path_loss,overall,5,1.366769526692293,1165976,0.9439225067325453,1165976,0.9438691543836271,5,0.9702071242402631,1165976,0.9127689808264173,1165951
topology_class_6,open_sparse_lowrise,prior,GT-prior,path_loss,los,5,1.3657436097687017,1159305,0.9442119343163717,1159305,0.9441494020923749,5,0.9699601722484785,1159305,0.9144669500798436,1159304
topology_class_6,open_sparse_lowrise,prior,GT-prior,path_loss,nlos,5,1.534675765977843,6671,0.893624973369045,6671,0.8928563500695844,5,0.8492743972087048,6671,0.8449615190872072,6647
topology_class_6,open_sparse_lowrise,prior,GT-prior,delay_spread,overall,5,2.512598061678858,1226950,0.9469557190663692,1226950,0.9469557190663693,5,0.45032001266317323,1226950,0.2127012474435517,1226950
topology_class_6,open_sparse_lowrise,prior,GT-prior,delay_spread,los,5,2.5819568544220237,1159305,0.9487160151067997,1159305,0.9482455818200883,5,0.36948409874532007,1159305,0.20715815190762327,1159305
topology_class_6,open_sparse_lowrise,prior,GT-prior,delay_spread,nlos,5,0.5073197391811606,67645,0.9167876356729,67645,0.9237108934035622,5,0.029293248085399123,49005,0.3429930745862259,67645
topology_class_6,open_sparse_lowrise,prior,GT-prior,angular_spread,overall,5,7.315954647789112,1226950,0.8661576083200485,1226950,0.8661576083200486,5,0.33336733730036205,1226950,0.2686202030856493,1226950
topology_class_6,open_sparse_lowrise,prior,GT-prior,angular_spread,los,5,7.471195929879732,1159305,0.8728311251880053,1159305,0.8722908802216611,5,0.3333201410653494,1159305,0.3089627859787746,1159305
topology_class_6,open_sparse_lowrise,prior,GT-prior,angular_spread,nlos,5,3.7658249974831115,67645,0.7517863839485974,67645,0.7532495415156165,5,0.02823148752642609,49005,0.1726169576866368,67645
topology_class_6,open_sparse_lowrise,model,GT-model,path_loss,overall,5,0.832218347265848,1165976,0.9798768798590883,1165976,0.9798118940147003,5,0.98631599921674,1165976,0.9452110644963421,1165951
topology_class_6,open_sparse_lowrise,model,GT-model,path_loss,los,5,0.8276420540553113,1159305,0.9802165826392166,1159305,0.9801391125634267,5,0.9861522011577512,1159305,0.9458785768759015,1159304
topology_class_6,open_sparse_lowrise,model,GT-model,path_loss,nlos,5,1.4186764358551966,6671,0.92084238255485,6671,0.9252897537897466,5,0.866860687896195,6671,0.8721723742056059,6647
topology_class_6,open_sparse_lowrise,model,GT-model,delay_spread,overall,5,2.3163974047638862,1226950,0.9544106857177308,1226950,0.9544106857177308,5,0.5752545341487496,1226950,0.37012467993792686,1226950
topology_class_6,open_sparse_lowrise,model,GT-model,delay_spread,los,5,2.3798783500375644,1159305,0.9559364346885691,1159305,0.9554665334471533,5,0.5233934704351194,1159305,0.35895673890818935,1159305
topology_class_6,open_sparse_lowrise,model,GT-model,delay_spread,nlos,5,0.5063846547201811,67645,0.9282622873048737,67645,0.9352708688612204,5,0.05645836941904423,49005,0.5058188450531793,67645
topology_class_6,open_sparse_lowrise,model,GT-model,angular_spread,overall,5,5.933737466967363,1226950,0.8800394707126507,1226950,0.8800394707126508,5,0.632337413354728,1226950,0.4011009087781643,1226950
topology_class_6,open_sparse_lowrise,model,GT-model,angular_spread,los,5,6.036854428154795,1159305,0.885990643816356,1159305,0.8854054965976139,5,0.6347181218034877,1159305,0.396144719649899,1159305
topology_class_6,open_sparse_lowrise,model,GT-model,angular_spread,nlos,5,3.7489329211037132,67645,0.7780478270584128,67645,0.782568013042832,5,0.12781143069529535,49005,0.46602604963008915,67645
topology_class_6,open_sparse_lowrise,prior_vs_model,prior-model,path_loss,overall,5,0.9943910133164038,1165976,0.9677841492328295,1165976,0.9677828443786434,5,0.9844844714268156,1165976,0.9588080939208706,1165951
topology_class_6,open_sparse_lowrise,prior_vs_model,prior-model,path_loss,los,5,0.9961729889231506,1159305,0.9678032327923038,1159305,0.9678010862164668,5,0.9843970787972613,1159305,0.9597780788972956,1159304
topology_class_6,open_sparse_lowrise,prior_vs_model,prior-model,path_loss,nlos,5,0.6102312729055991,6671,0.9644677550016073,6671,0.9575415916245806,5,0.9839416769401833,6671,0.9674758981595453,6647
topology_class_6,open_sparse_lowrise,prior_vs_model,prior-model,delay_spread,overall,5,1.0503392488097443,1226950,0.9766863070415437,1226950,0.9766863070415436,5,0.7426174792841229,1226950,0.6081501283350008,1226950
topology_class_6,open_sparse_lowrise,prior_vs_model,prior-model,delay_spread,los,5,1.0805236641962885,1159305,0.9768856679209319,1159305,0.9766471565189179,5,0.6755112755069943,1159305,0.5884280709818526,1159305
topology_class_6,open_sparse_lowrise,prior_vs_model,prior-model,delay_spread,nlos,5,0.030188067301537377,67645,0.9732696455842429,67645,0.9765430985990655,5,0.09526763847931785,67645,0.7169354693437436,67645
topology_class_6,open_sparse_lowrise,prior_vs_model,prior-model,angular_spread,overall,5,3.0859042139050015,1226950,0.9038898032595996,1226950,0.9038898032595997,5,0.5857991823034825,1226950,0.4742167035506617,1226950
topology_class_6,open_sparse_lowrise,prior_vs_model,prior-model,angular_spread,los,5,3.174558231334957,1159305,0.9068075733111111,1159305,0.9064362627549356,5,0.5836162001425657,1159305,0.46798243241766535,1159305
topology_class_6,open_sparse_lowrise,prior_vs_model,prior-model,angular_spread,nlos,5,0.10447148179994557,67645,0.8538848448803025,67645,0.8552688547546701,5,0.1349713783542047,67645,0.5812097847159202,67645
topology_class_3,mixed,prior,GT-prior,path_loss,overall,5,2.1260393492638117,798634,0.8587128957420139,798633,0.8547619605513186,5,0.9371268840876003,798634,0.738076795724989,798358
topology_class_3,mixed,prior,GT-prior,path_loss,los,5,2.1076045219667545,701813,0.8615345329595617,701812,0.8534353475519524,5,0.9126350892904576,701813,0.7322660947725778,701761
topology_class_3,mixed,prior,GT-prior,path_loss,nlos,5,2.2551647711714633,96821,0.8382601131956489,96821,0.852938011819175,5,0.7818995610798,96821,0.7076961504689498,96597
topology_class_3,mixed,prior,GT-prior,delay_spread,overall,5,8.248647224185095,1065720,0.7722826074955436,1065720,0.7722826074955436,5,0.37640563674469996,1065720,0.19548872607502996,1065720
topology_class_3,mixed,prior,GT-prior,delay_spread,los,5,7.657881282007992,701813,0.7505937533111161,701813,0.7069338696209756,5,0.18706142004957907,701813,0.17472392339770837,701813
topology_class_3,mixed,prior,GT-prior,delay_spread,nlos,5,9.282393951062835,363907,0.8141106564798596,363907,0.8498190074015293,5,0.03926686648781706,363907,0.20632060397740304,363907
topology_class_3,mixed,prior,GT-prior,angular_spread,overall,5,16.03154154753528,1065720,0.544841336119448,1065720,0.544841336119448,5,0.3692955070229784,1065720,0.21154231027182008,1065720
topology_class_3,mixed,prior,GT-prior,angular_spread,los,5,18.05926523433044,701813,0.467300612988136,701813,0.422954102316644,5,0.31362825655295073,701813,0.21533869021555588,701813
topology_class_3,mixed,prior,GT-prior,angular_spread,nlos,5,11.121867082830738,363907,0.6943825307734542,363907,0.7127836181048794,5,0.0640959860752114,363907,0.19824368216671526,363907
topology_class_3,mixed,model,GT-model,path_loss,overall,5,1.8359003987327145,798634,0.8842259278853133,798633,0.8813518955518174,5,0.9557276811595365,798634,0.7996540480685765,798358
topology_class_3,mixed,model,GT-model,path_loss,los,5,1.815184178663401,701813,0.8889149773836659,701812,0.8835429284982311,5,0.94101530130791,701813,0.8034725084182539,701761
topology_class_3,mixed,model,GT-model,path_loss,nlos,5,1.9795927260151942,96821,0.8502371113420235,96821,0.8684246913953274,5,0.8030680345851622,96821,0.7215018963609887,96597
topology_class_3,mixed,model,GT-model,delay_spread,overall,5,7.653849419307837,1065720,0.756105731858539,1065720,0.7561057318585391,5,0.5411780037218848,1065720,0.3395737664863889,1065720
topology_class_3,mixed,model,GT-model,delay_spread,los,5,6.7319200007229485,701813,0.7622818307086662,701813,0.7146033007294574,5,0.5239272243206229,701813,0.34853945210322584,701813
topology_class_3,mixed,model,GT-model,delay_spread,nlos,5,9.173828389339807,363907,0.7441948137879764,363907,0.81173084503972,5,0.11778444762601817,363907,0.3053823168928583,363907
topology_class_3,mixed,model,GT-model,angular_spread,overall,5,12.869153904912022,1065720,0.5849298509397236,1065720,0.5849298509397236,5,0.6598227006592576,1065720,0.42636887306650634,1065720
topology_class_3,mixed,model,GT-model,angular_spread,los,5,13.75910321998141,701813,0.544079096936916,701813,0.49983794304873064,5,0.6840862533160404,701813,0.4360265992550485,701813
topology_class_3,mixed,model,GT-model,angular_spread,nlos,5,10.95046672509438,363907,0.6637125899883607,363907,0.7045289309987245,5,0.16679715993219105,363907,0.3934629009832015,363907
topology_class_3,mixed,prior_vs_model,prior-model,path_loss,overall,5,1.1314056402734562,798634,0.954171400513237,798633,0.9539269914833655,5,0.9786673324274826,798634,0.9180115315617424,798358
topology_class_3,mixed,prior_vs_model,prior-model,path_loss,los,5,1.117965256054894,701813,0.95064128880946,701812,0.9492564484663187,5,0.9679787035811194,701813,0.9044584301854138,701761
topology_class_3,mixed,prior_vs_model,prior-model,path_loss,nlos,5,1.2244264812174857,96821,0.9797595968244834,96821,0.9687092632779486,5,0.966480207548004,96821,0.9779721958931796,96597
topology_class_3,mixed,prior_vs_model,prior-model,delay_spread,overall,5,2.773346428894077,1065720,0.8649735538800142,1065720,0.8649735538800142,5,0.7283406546403286,1065720,0.6739184370445063,1065720
topology_class_3,mixed,prior_vs_model,prior-model,delay_spread,los,5,3.3160132845162167,701813,0.8776932902422149,701813,0.8568228890914469,5,0.3746209578143158,701813,0.6108770152122395,701813
topology_class_3,mixed,prior_vs_model,prior-model,delay_spread,nlos,5,1.1482890328596491,363907,0.8404429008956935,363907,0.8841614815206931,5,0.35735978129506457,363907,0.756046571205643,363907
topology_class_3,mixed,prior_vs_model,prior-model,angular_spread,overall,5,6.078778973924292,1065720,0.6830762787965573,1065720,0.6830762787965574,5,0.6557068597714978,1065720,0.6086694927387033,1065720
topology_class_3,mixed,prior_vs_model,prior-model,angular_spread,los,5,7.447174056906985,701813,0.6454810498763611,701813,0.626705225488159,5,0.5472151403855823,701813,0.5455955886549644,701813
topology_class_3,mixed,prior_vs_model,prior-model,angular_spread,nlos,5,1.1208513929282902,363907,0.7555805735591467,363907,0.7749595208511826,5,0.3398328521603493,363907,0.7142514750034336,363907
topology_class_3,open,prior,GT-prior,path_loss,overall,5,1.366769526692293,1165976,0.9439225067325453,1165976,0.9438691543836271,5,0.9702071242402631,1165976,0.9127689808264173,1165951
topology_class_3,open,prior,GT-prior,path_loss,los,5,1.3657436097687017,1159305,0.9442119343163717,1159305,0.9441494020923749,5,0.9699601722484785,1159305,0.9144669500798436,1159304
topology_class_3,open,prior,GT-prior,path_loss,nlos,5,1.534675765977843,6671,0.893624973369045,6671,0.8928563500695844,5,0.8492743972087048,6671,0.8449615190872072,6647
topology_class_3,open,prior,GT-prior,delay_spread,overall,5,2.512598061678858,1226950,0.9469557190663692,1226950,0.9469557190663693,5,0.45032001266317323,1226950,0.2127012474435517,1226950
topology_class_3,open,prior,GT-prior,delay_spread,los,5,2.5819568544220237,1159305,0.9487160151067997,1159305,0.9482455818200883,5,0.36948409874532007,1159305,0.20715815190762327,1159305
topology_class_3,open,prior,GT-prior,delay_spread,nlos,5,0.5073197391811606,67645,0.9167876356729,67645,0.9237108934035622,5,0.029293248085399123,49005,0.3429930745862259,67645
topology_class_3,open,prior,GT-prior,angular_spread,overall,5,7.315954647789112,1226950,0.8661576083200485,1226950,0.8661576083200486,5,0.33336733730036205,1226950,0.2686202030856493,1226950
topology_class_3,open,prior,GT-prior,angular_spread,los,5,7.471195929879732,1159305,0.8728311251880053,1159305,0.8722908802216611,5,0.3333201410653494,1159305,0.3089627859787746,1159305
topology_class_3,open,prior,GT-prior,angular_spread,nlos,5,3.7658249974831115,67645,0.7517863839485974,67645,0.7532495415156165,5,0.02823148752642609,49005,0.1726169576866368,67645
topology_class_3,open,model,GT-model,path_loss,overall,5,0.832218347265848,1165976,0.9798768798590883,1165976,0.9798118940147003,5,0.98631599921674,1165976,0.9452110644963421,1165951
topology_class_3,open,model,GT-model,path_loss,los,5,0.8276420540553113,1159305,0.9802165826392166,1159305,0.9801391125634267,5,0.9861522011577512,1159305,0.9458785768759015,1159304
topology_class_3,open,model,GT-model,path_loss,nlos,5,1.4186764358551966,6671,0.92084238255485,6671,0.9252897537897466,5,0.866860687896195,6671,0.8721723742056059,6647
topology_class_3,open,model,GT-model,delay_spread,overall,5,2.3163974047638862,1226950,0.9544106857177308,1226950,0.9544106857177308,5,0.5752545341487496,1226950,0.37012467993792686,1226950
topology_class_3,open,model,GT-model,delay_spread,los,5,2.3798783500375644,1159305,0.9559364346885691,1159305,0.9554665334471533,5,0.5233934704351194,1159305,0.35895673890818935,1159305
topology_class_3,open,model,GT-model,delay_spread,nlos,5,0.5063846547201811,67645,0.9282622873048737,67645,0.9352708688612204,5,0.05645836941904423,49005,0.5058188450531793,67645
topology_class_3,open,model,GT-model,angular_spread,overall,5,5.933737466967363,1226950,0.8800394707126507,1226950,0.8800394707126508,5,0.632337413354728,1226950,0.4011009087781643,1226950
topology_class_3,open,model,GT-model,angular_spread,los,5,6.036854428154795,1159305,0.885990643816356,1159305,0.8854054965976139,5,0.6347181218034877,1159305,0.396144719649899,1159305
topology_class_3,open,model,GT-model,angular_spread,nlos,5,3.7489329211037132,67645,0.7780478270584128,67645,0.782568013042832,5,0.12781143069529535,49005,0.46602604963008915,67645
topology_class_3,open,prior_vs_model,prior-model,path_loss,overall,5,0.9943910133164038,1165976,0.9677841492328295,1165976,0.9677828443786434,5,0.9844844714268156,1165976,0.9588080939208706,1165951
topology_class_3,open,prior_vs_model,prior-model,path_loss,los,5,0.9961729889231506,1159305,0.9678032327923038,1159305,0.9678010862164668,5,0.9843970787972613,1159305,0.9597780788972956,1159304
topology_class_3,open,prior_vs_model,prior-model,path_loss,nlos,5,0.6102312729055991,6671,0.9644677550016073,6671,0.9575415916245806,5,0.9839416769401833,6671,0.9674758981595453,6647
topology_class_3,open,prior_vs_model,prior-model,delay_spread,overall,5,1.0503392488097443,1226950,0.9766863070415437,1226950,0.9766863070415436,5,0.7426174792841229,1226950,0.6081501283350008,1226950
topology_class_3,open,prior_vs_model,prior-model,delay_spread,los,5,1.0805236641962885,1159305,0.9768856679209319,1159305,0.9766471565189179,5,0.6755112755069943,1159305,0.5884280709818526,1159305
topology_class_3,open,prior_vs_model,prior-model,delay_spread,nlos,5,0.030188067301537377,67645,0.9732696455842429,67645,0.9765430985990655,5,0.09526763847931785,67645,0.7169354693437436,67645
topology_class_3,open,prior_vs_model,prior-model,angular_spread,overall,5,3.0859042139050015,1226950,0.9038898032595996,1226950,0.9038898032595997,5,0.5857991823034825,1226950,0.4742167035506617,1226950
topology_class_3,open,prior_vs_model,prior-model,angular_spread,los,5,3.174558231334957,1159305,0.9068075733111111,1159305,0.9064362627549356,5,0.5836162001425657,1159305,0.46798243241766535,1159305
topology_class_3,open,prior_vs_model,prior-model,angular_spread,nlos,5,0.10447148179994557,67645,0.8538848448803025,67645,0.8552688547546701,5,0.1349713783542047,67645,0.5812097847159202,67645
antenna_bin,high_ant,prior,GT-prior,path_loss,overall,5,1.5759491950970923,1067960,0.9291660622438277,1067960,0.9260643633165486,5,0.9560623265254932,1067960,0.8717786529375632,1067930
antenna_bin,high_ant,prior,GT-prior,path_loss,los,5,1.5734746523513816,1057559,0.9297895487061789,1057559,0.9264996904665462,5,0.9552243587592905,1057559,0.8727238117533427,1057557
antenna_bin,high_ant,prior,GT-prior,path_loss,nlos,5,1.8099823602514749,10401,0.8657708387424706,10401,0.8792345663188688,5,0.7379658610037221,10401,0.8029399036791309,10373
antenna_bin,high_ant,prior,GT-prior,delay_spread,overall,5,1.533830633731583,1162458,0.9518577687599529,1162458,0.950343051854273,5,0.5988521220401216,1162458,0.2580387297341014,1162458
antenna_bin,high_ant,prior,GT-prior,delay_spread,los,5,1.5932301387905694,1057559,0.9531876037793833,1057559,0.9496363391993796,5,0.4587170104744871,1057559,0.23712714988838368,1057559
antenna_bin,high_ant,prior,GT-prior,delay_spread,nlos,5,0.6928236172654636,104899,0.9384507868696216,104899,0.9407084169028186,5,0.0958835213062462,86259,0.42716943727241347,104899
antenna_bin,high_ant,prior,GT-prior,angular_spread,overall,5,8.704370199720486,1162458,0.8077534516204107,1162458,0.8003234387419491,5,0.3698885177282714,1162458,0.26237217843370014,1162458
antenna_bin,high_ant,prior,GT-prior,angular_spread,los,5,8.994110022696852,1057559,0.8126791447820056,1057559,0.7958102466392032,5,0.3647038205137328,1057559,0.2965832325006792,1057559
antenna_bin,high_ant,prior,GT-prior,angular_spread,nlos,5,4.9058763178225675,104899,0.758094149488995,104899,0.7574882368302891,5,0.11541526258308415,86259,0.2533194838693551,104899
antenna_bin,high_ant,model,GT-model,path_loss,overall,5,1.196056201647577,1067960,0.9584584724432293,1067960,0.953928940802616,5,0.9740884550230692,1067960,0.9162132594182861,1067930
antenna_bin,high_ant,model,GT-model,path_loss,los,5,1.1897825273644027,1057559,0.9591301233934237,1057559,0.9543134583900234,5,0.9739374726389814,1057559,0.9168480504226634,1057557
antenna_bin,high_ant,model,GT-model,path_loss,nlos,5,1.718276176168977,10401,0.890165951797457,10401,0.9114192566362067,5,0.758954505938673,10401,0.8364874622297075,10373
antenna_bin,high_ant,model,GT-model,delay_spread,overall,5,1.3262884204215282,1162458,0.9657591121243222,1162458,0.9648117498193086,5,0.6984839755087596,1162458,0.43770758422487854,1162458
antenna_bin,high_ant,model,GT-model,delay_spread,los,5,1.3733783627838618,1057559,0.9666882002812388,1057559,0.9643964581295345,5,0.6119679621368657,1057559,0.4157493900138298,1057559
antenna_bin,high_ant,model,GT-model,delay_spread,nlos,5,0.6909302905179414,104899,0.9563923351089009,104899,0.9560451386402381,5,0.1606541299181099,86259,0.6046413762160578,104899
antenna_bin,high_ant,model,GT-model,angular_spread,overall,5,6.633561272144643,1162458,0.8446384212833237,1162458,0.839042834499077,5,0.6737962508603326,1162458,0.44332690655425855,1162458
antenna_bin,high_ant,model,GT-model,angular_spread,los,5,6.782881819502981,1057559,0.8494452991322642,1057559,0.836800618622952,5,0.6736680444587716,1057559,0.43255703276707974,1057559
antenna_bin,high_ant,model,GT-model,angular_spread,nlos,5,4.87923959081637,104899,0.7961769780755923,104899,0.795651918939621,5,0.1981053718482517,86259,0.558003688776804,104899
antenna_bin,high_ant,prior_vs_model,prior-model,path_loss,overall,5,1.0091457858196797,1067960,0.9647097520545432,1067960,0.9641502975591928,5,0.9800554544300425,1067960,0.9415858782131917,1067930
antenna_bin,high_ant,prior_vs_model,prior-model,path_loss,los,5,1.0095678680565274,1057559,0.9648434875695429,1057559,0.9642480984271102,5,0.979086082267554,1057559,0.9413776555268796,1057557
antenna_bin,high_ant,prior_vs_model,prior-model,path_loss,nlos,5,0.9652660959809636,10401,0.9511117136440602,10401,0.94924721372678,5,0.9502455026601828,10401,0.9529337408259553,10373
antenna_bin,high_ant,prior_vs_model,prior-model,delay_spread,overall,5,0.7969698082082974,1162458,0.9796539534969824,1162458,0.9789351762575313,5,0.8419627139013572,1162458,0.634980793459469,1162458
antenna_bin,high_ant,prior_vs_model,prior-model,delay_spread,los,5,0.8355435829655973,1057559,0.9799389985928354,1057559,0.978301068356164,5,0.738173863745585,1057559,0.6131488775337551,1057559
antenna_bin,high_ant,prior_vs_model,prior-model,delay_spread,nlos,5,0.017168492015370067,104899,0.9767802177461631,104899,0.9808956237984695,5,0.09375537250197136,104899,0.7271477672202568,104899
antenna_bin,high_ant,prior_vs_model,prior-model,angular_spread,overall,5,3.739794622415064,1162458,0.8562527253496578,1162458,0.8504884440447074,5,0.5973219814282053,1162458,0.46038757715765816,1162458
antenna_bin,high_ant,prior_vs_model,prior-model,angular_spread,los,5,3.9206938114008625,1057559,0.8588974984969697,1057559,0.8460488957492627,5,0.5889021721277614,1057559,0.4477938557892561,1057559
antenna_bin,high_ant,prior_vs_model,prior-model,angular_spread,nlos,5,0.12288591637222422,104899,0.8295889473832513,104899,0.8421036974979202,5,0.15794305060336677,104899,0.6230471196519932,104899
antenna_bin,low_ant,prior,GT-prior,path_loss,overall,3,2.293173766855997,437330,0.8271580781559772,437329,0.8267787062300855,3,0.945789696006634,437330,0.7027722711799286,437073
antenna_bin,low_ant,prior,GT-prior,path_loss,los,3,2.2960959279440383,348715,0.8248240697713084,348714,0.8240052247868452,3,0.9013850944668901,348715,0.6833304088586002,348664
antenna_bin,low_ant,prior,GT-prior,path_loss,nlos,3,2.281638228443877,88615,0.8363427692336887,88615,0.8482242208373235,3,0.7889721009260031,88615,0.7011182820170215,88409
antenna_bin,low_ant,prior,GT-prior,delay_spread,overall,3,10.546494385749787,639432,0.6717773314629564,639432,0.6717773314629564,3,0.22510474200879083,639432,0.14755664122857529,639432
antenna_bin,low_ant,prior,GT-prior,delay_spread,los,3,10.685667348421902,348715,0.5790221786935713,348715,0.5652099092122681,3,-0.010759283129967845,348715,0.1305286203061415,348715
antenna_bin,low_ant,prior,GT-prior,delay_spread,nlos,3,10.377094501782462,290717,0.7830371239689885,290717,0.7908163506422984,3,0.02045819969392343,290717,0.14923761166836383,290717
antenna_bin,low_ant,prior,GT-prior,angular_spread,overall,3,18.370744500807238,639432,0.46380313136371865,639432,0.46380313136371853,3,0.34135962249293067,639432,0.1918449232913437,639432
antenna_bin,low_ant,prior,GT-prior,angular_spread,los,3,22.28953456975943,348715,0.2852988337714834,348715,0.2741236637542948,3,0.22216088352732372,348715,0.184236175416497,348715
antenna_bin,low_ant,prior,GT-prior,angular_spread,nlos,3,12.097810893773909,290717,0.6779190108440251,290717,0.6812574161353825,3,0.04635152451417972,290717,0.1755298539004605,290717
antenna_bin,low_ant,model,GT-model,path_loss,overall,3,1.9155001016682136,437330,0.8629522106295908,437329,0.8622641117719446,3,0.9618055364729311,437330,0.7611643198279553,437073
antenna_bin,low_ant,model,GT-model,path_loss,los,3,1.8956286403237774,348715,0.8668796451876103,348714,0.8654419655855471,3,0.934349534136252,348715,0.7597203468517107,348664
antenna_bin,low_ant,model,GT-model,path_loss,nlos,3,1.9917734816194597,88615,0.8474971362689836,88615,0.8597333299969622,3,0.8103196836072255,88615,0.7132467106635497,88409
antenna_bin,low_ant,model,GT-model,delay_spread,overall,3,9.805324105778421,639432,0.6283524227146182,639432,0.6283524227146181,3,0.4092373815085036,639432,0.23801845075442263,639432
antenna_bin,low_ant,model,GT-model,delay_spread,los,3,9.413509476554207,348715,0.5767107878893867,348715,0.560882166484527,3,0.41694077582936817,348715,0.24542417292364557,348715
antenna_bin,low_ant,model,GT-model,delay_spread,nlos,3,10.25557793687707,290717,0.6902965563156136,290717,0.7133759864034833,3,0.09970666689677954,290717,0.21913456074606852,290717
antenna_bin,low_ant,model,GT-model,angular_spread,overall,3,15.058867843619664,639432,0.48276090064441085,639432,0.48276090064441085,3,0.6029058083960038,639432,0.3658974333051955,639432
antenna_bin,low_ant,model,GT-model,angular_spread,los,3,17.253330624766555,348715,0.3601526867252301,348715,0.349717437365935,3,0.6111065105210495,348715,0.36645278132276116,348715
antenna_bin,low_ant,model,GT-model,angular_spread,nlos,3,11.904430457317787,290717,0.629829435738083,290717,0.6414987528941146,3,0.15014901673701592,290717,0.3440038460851414,290717
antenna_bin,low_ant,prior_vs_model,prior-model,path_loss,overall,3,1.2354012658084494,437330,0.9502703116069839,437329,0.950640238997723,3,0.9847115198396708,437330,0.9252024165195338,437073
antenna_bin,low_ant,prior_vs_model,prior-model,path_loss,los,3,1.2344466047314802,348715,0.9421081724558197,348714,0.9427467693271318,3,0.9677602172472313,348715,0.9020648108885363,348664
antenna_bin,low_ant,prior_vs_model,prior-model,path_loss,nlos,3,1.2391508766620007,88615,0.9823896163743377,88615,0.9808106760396426,3,0.9686054752904936,88615,0.9804114776700034,88409
antenna_bin,low_ant,prior_vs_model,prior-model,delay_spread,overall,3,3.484723474039289,639432,0.7976363689252612,639432,0.7976363689252612,3,0.6682077018392321,639432,0.7240921241766871,639432
antenna_bin,low_ant,prior_vs_model,prior-model,delay_spread,los,3,4.570667818802612,348715,0.789727256070344,348715,0.7851369434085255,3,0.12182718457610925,348715,0.6610596888467296,348715
antenna_bin,low_ant,prior_vs_model,prior-model,delay_spread,nlos,3,1.2846886196229987,290717,0.8071233486657046,290717,0.8249230040980043,3,0.41499574907159736,290717,0.7745719863710626,290717
antenna_bin,low_ant,prior_vs_model,prior-model,angular_spread,overall,3,6.685751232030532,639432,0.6407350019043991,639432,0.6407350019043992,3,0.6805248449682729,639432,0.6742573478425226,639432
antenna_bin,low_ant,prior_vs_model,prior-model,angular_spread,los,3,8.980961459169876,348715,0.5578903088092543,348715,0.5568344376598501,3,0.49462712648550533,348715,0.6191410147512187,348715
antenna_bin,low_ant,prior_vs_model,prior-model,angular_spread,nlos,3,1.251868537778044,290717,0.7401071994459034,290717,0.7470050402072109,3,0.37019314205215414,290717,0.7279259361820124,290717
antenna_bin,mid_ant,prior,GT-prior,path_loss,overall,2,1.3489476644329295,459320,0.9412501998156502,459320,0.9412488197008645,2,0.968825837866487,459320,0.9042600330322621,459306
antenna_bin,mid_ant,prior,GT-prior,path_loss,los,2,1.3452072255112362,454844,0.9417072318238063,454844,0.9417048107641846,2,0.9683456889979599,454844,0.9075926914906144,454844
antenna_bin,mid_ant,prior,GT-prior,path_loss,nlos,2,1.6863277302467503,4476,0.89480733415037,4476,0.8940631576687416,2,0.8443836602388495,4476,0.8210942287125336,4462
antenna_bin,mid_ant,prior,GT-prior,delay_spread,overall,2,3.6110933001780467,490780,0.9145721895746648,490780,0.9145721895746648,2,0.23143473502172304,490780,0.15281473735733386,490780
antenna_bin,mid_ant,prior,GT-prior,delay_spread,los,2,3.746129387174465,454844,0.9160543517721972,454844,0.9160429167858082,2,0.1720557378386372,454844,0.1461814661948224,454844
antenna_bin,mid_ant,prior,GT-prior,delay_spread,nlos,2,0.6821496530995952,35936,0.8958123781717692,35936,0.8958291837922343,2,0.041925648392509,35936,0.28071351876000183,35936
antenna_bin,mid_ant,prior,GT-prior,angular_spread,overall,2,8.528642493139381,490780,0.8309840671982908,490780,0.8309840671982909,2,0.3144678462323998,490780,0.25950529420740215,490780
antenna_bin,mid_ant,prior,GT-prior,angular_spread,los,2,8.746766166433014,454844,0.837410202605701,454844,0.8374013441163127,2,0.31518818218124756,454844,0.2889109455215935,454844
antenna_bin,mid_ant,prior,GT-prior,angular_spread,nlos,2,5.004371042141008,35936,0.7496481051199287,35936,0.7494761827724434,2,0.03555434003677168,35936,0.17298710691684496,35936
antenna_bin,mid_ant,model,GT-model,path_loss,overall,2,0.8938287042005538,459320,0.9746921379049732,459320,0.9746909542518372,2,0.9848982903547833,459320,0.9347667861464316,459306
antenna_bin,mid_ant,model,GT-model,path_loss,los,2,0.8851622905164978,454844,0.9752605743647584,454844,0.9752585083007658,2,0.984623105497848,454844,0.936365611047077,454844
antenna_bin,mid_ant,model,GT-model,path_loss,nlos,2,1.5380600515940541,4476,0.9169285290768842,4476,0.916137976376725,2,0.8570851756932715,4476,0.8422087775357613,4462
antenna_bin,mid_ant,model,GT-model,delay_spread,overall,2,3.3452644958222595,490780,0.9217330353204757,490780,0.9217330353204757,2,0.4256795514601011,490780,0.31582732288199966,490780
antenna_bin,mid_ant,model,GT-model,delay_spread,los,2,3.4696291528556134,454844,0.922873948148593,454844,0.9228601903908998,2,0.3998862810371815,454844,0.2978763292121579,454844
antenna_bin,mid_ant,model,GT-model,delay_spread,nlos,2,0.6808339329119256,35936,0.9072924366341394,35936,0.9073274585465307,2,0.07749999172930651,35936,0.506858324439243,35936
antenna_bin,mid_ant,model,GT-model,angular_spread,overall,2,6.926034084608937,490780,0.8406748669166275,490780,0.8406748669166275,2,0.6321682399553639,490780,0.40181987594716106,490780
antenna_bin,mid_ant,model,GT-model,angular_spread,los,2,7.0569251626499145,454844,0.8465451920476067,454844,0.8465308965095788,2,0.6384316549185234,454844,0.3957830052976904,454844
antenna_bin,mid_ant,model,GT-model,angular_spread,nlos,2,4.980405385649633,35936,0.7663738271827936,35936,0.7663644334136668,2,0.1731636874352571,35936,0.4498675691225867,35936
antenna_bin,mid_ant,prior_vs_model,prior-model,path_loss,overall,2,0.9564712193069694,459320,0.9679388386811917,459320,0.9679384872604555,2,0.9844517119604014,459320,0.9599184498222243,459306
antenna_bin,mid_ant,prior_vs_model,prior-model,path_loss,los,2,0.9590118835091089,454844,0.9679040898723732,454844,0.967903436648491,2,0.9841675191874029,454844,0.9614508797161574,454844
antenna_bin,mid_ant,prior_vs_model,prior-model,path_loss,nlos,2,0.648306338726466,4476,0.971469957358183,4476,0.9712930888799092,2,0.9881540294543368,4476,0.9722125680961471,4462
antenna_bin,mid_ant,prior_vs_model,prior-model,delay_spread,overall,2,1.4608451676559902,490780,0.9603571582721747,490780,0.9603571582721748,2,0.5732548983090955,490780,0.5363543305306773,490780
antenna_bin,mid_ant,prior_vs_model,prior-model,delay_spread,los,2,1.5174133597909307,454844,0.9602236213744164,454844,0.9602170280227136,2,0.49004071215581474,454844,0.5099033785976209,454844
antenna_bin,mid_ant,prior_vs_model,prior-model,delay_spread,nlos,2,0.040923304594139516,35936,0.962047342397397,35936,0.9621378846562164,2,0.16721230336555704,35936,0.6169140031170844,35936
antenna_bin,mid_ant,prior_vs_model,prior-model,angular_spread,overall,2,3.5610617837833183,490780,0.8800915921720252,490780,0.8800915921720252,2,0.586892584799945,490780,0.5383032919226507,490780
antenna_bin,mid_ant,prior_vs_model,prior-model,angular_spread,los,2,3.6988461053238155,454844,0.8824872861573209,454844,0.8824798247448047,2,0.5833850453343288,454844,0.5187894517264533,454844
antenna_bin,mid_ant,prior_vs_model,prior-model,angular_spread,nlos,2,0.1424364801369625,35936,0.8497691568690464,35936,0.8498041349590149,2,0.2395420991948945,35936,0.6194229521310779,35936
topology_class_6_antenna_bin,mixed_compact_lowrise|high_ant,prior,GT-prior,path_loss,overall,2,1.9042119367525212,361304,0.8969074267189305,361304,0.8967368420331678,2,0.9266412333985656,361304,0.7807872720981658,361285
topology_class_6_antenna_bin,mixed_compact_lowrise|high_ant,prior,GT-prior,path_loss,los,2,1.9032184976411302,353098,0.8977892057705902,353098,0.8975805316996133,2,0.9237454381026862,353098,0.7805874115594978,353097
topology_class_6_antenna_bin,mixed_compact_lowrise|high_ant,prior,GT-prior,path_loss,nlos,2,1.9464786380044767,8206,0.8589651382004135,8206,0.8600086982919519,2,0.7055245771081569,8206,0.7787199379587546,8188
topology_class_6_antenna_bin,mixed_compact_lowrise|high_ant,prior,GT-prior,delay_spread,overall,2,1.804892470388064,426288,0.9230405215444241,426288,0.9230405215444242,2,0.6033569788485637,426288,0.267386853344712,426288
topology_class_6_antenna_bin,mixed_compact_lowrise|high_ant,prior,GT-prior,delay_spread,los,2,1.947363902492786,353098,0.9200356126327695,353098,0.9195198102340367,2,0.38242657790732876,353098,0.21837063087714953,353098
topology_class_6_antenna_bin,mixed_compact_lowrise|high_ant,prior,GT-prior,delay_spread,nlos,2,0.8237492484879441,73190,0.9375374108310399,73190,0.9383229925403753,2,0.11397651513271906,73190,0.4330591785792196,73190
topology_class_6_antenna_bin,mixed_compact_lowrise|high_ant,prior,GT-prior,angular_spread,overall,2,11.674734716684815,426288,0.6663986432530421,426288,0.6663986432530421,2,0.41119933381805,426288,0.24108839074253463,426288
topology_class_6_antenna_bin,mixed_compact_lowrise|high_ant,prior,GT-prior,angular_spread,los,2,12.552668901455212,353098,0.6470432069409056,353098,0.6461997601601677,2,0.403960246495209,353098,0.24605512998058943,353098
topology_class_6_antenna_bin,mixed_compact_lowrise|high_ant,prior,GT-prior,angular_spread,nlos,2,5.803798530578404,73190,0.7597770535678777,73190,0.7600729210591247,2,0.13457851964043135,73190,0.2884649693928497,73190
topology_class_6_antenna_bin,mixed_compact_lowrise|high_ant,model,GT-model,path_loss,overall,2,1.7346717195989505,361304,0.9099760261231624,361304,0.9099835712216264,2,0.9483709165950512,361304,0.8462178992976975,361285
topology_class_6_antenna_bin,mixed_compact_lowrise|high_ant,model,GT-model,path_loss,los,2,1.7320752630278686,353098,0.9106767229370685,353098,0.9106943728672571,2,0.9475983264150041,353098,0.8466753780558809,353097
topology_class_6_antenna_bin,mixed_compact_lowrise|high_ant,model,GT-model,path_loss,nlos,2,1.8429333484648565,8206,0.8798255699207993,8206,0.8814617334928753,2,0.7247588854150262,8206,0.8106363262980777,8188
topology_class_6_antenna_bin,mixed_compact_lowrise|high_ant,model,GT-model,delay_spread,overall,2,1.495645714919872,426288,0.9477356955744205,426288,0.9477356955744205,2,0.7390889370419569,426288,0.4919067400843381,426288
topology_class_6_antenna_bin,mixed_compact_lowrise|high_ant,model,GT-model,delay_spread,los,2,1.600236990888339,353098,0.9455493830502968,353098,0.9451850020968531,2,0.6295856516853429,353098,0.45037476292092327,353098
topology_class_6_antenna_bin,mixed_compact_lowrise|high_ant,model,GT-model,delay_spread,nlos,2,0.8214642138136162,73190,0.9582833466147677,73190,0.9592631329940748,2,0.18959095370966442,73190,0.6479658518529112,73190
topology_class_6_antenna_bin,mixed_compact_lowrise|high_ant,model,GT-model,angular_spread,overall,2,8.595554343576529,426288,0.7381832763826927,426288,0.7381832763826928,2,0.7451980390541383,426288,0.5170760327084727,426288
topology_class_6_antenna_bin,mixed_compact_lowrise|high_ant,model,GT-model,angular_spread,los,2,9.071579355351684,353098,0.7257224314700148,353098,0.7250187015729239,2,0.7561600996951061,353098,0.5047367984639297,353098
topology_class_6_antenna_bin,mixed_compact_lowrise|high_ant,model,GT-model,angular_spread,nlos,2,5.771511375641305,73190,0.7982994045009713,73190,0.7990741981556391,2,0.23292502228048634,73190,0.5899185378570826,73190
topology_class_6_antenna_bin,mixed_compact_lowrise|high_ant,prior_vs_model,prior-model,path_loss,overall,2,0.991034111856844,361304,0.9588933502018172,361304,0.9588571202118292,2,0.9713513202023975,361304,0.9093121898753821,361285
topology_class_6_antenna_bin,mixed_compact_lowrise|high_ant,prior_vs_model,prior-model,path_loss,los,2,0.9895632953908723,353098,0.9590684595556644,353098,0.9590209671750995,2,0.9681944778475321,353098,0.9068219984924981,353097
topology_class_6_antenna_bin,mixed_compact_lowrise|high_ant,prior_vs_model,prior-model,path_loss,nlos,2,1.0523767893901708,8206,0.9513585265819369,8206,0.9505571441354073,2,0.943529854026104,8206,0.9516343279636229,8188
topology_class_6_antenna_bin,mixed_compact_lowrise|high_ant,prior_vs_model,prior-model,delay_spread,overall,2,1.0068165179754172,426288,0.9659793313121435,426288,0.9659793313121436,2,0.8185400838419735,426288,0.5986579063462351,426288
topology_class_6_antenna_bin,mixed_compact_lowrise|high_ant,prior_vs_model,prior-model,delay_spread,los,2,1.1062147735786632,353098,0.9645674033956283,353098,0.9643518076158291,2,0.6242768058643224,353098,0.5613172583276034,353098
topology_class_6_antenna_bin,mixed_compact_lowrise|high_ant,prior_vs_model,prior-model,delay_spread,nlos,2,0.02006144089578217,73190,0.9727910395163479,73190,0.9730191976547262,2,0.12842474038660331,73190,0.6824620224879864,73190
topology_class_6_antenna_bin,mixed_compact_lowrise|high_ant,prior_vs_model,prior-model,angular_spread,overall,2,5.032889848751263,426288,0.7465881941347944,426288,0.7465881941347944,2,0.618479881976335,426288,0.5102877100829745,426288
topology_class_6_antenna_bin,mixed_compact_lowrise|high_ant,prior_vs_model,prior-model,angular_spread,los,2,5.5295485733443925,353098,0.731984528432502,353098,0.7315114072306226,2,0.5991503800843777,353098,0.4729630807926845,353098
topology_class_6_antenna_bin,mixed_compact_lowrise|high_ant,prior_vs_model,prior-model,angular_spread,nlos,2,0.14668781076369725,73190,0.8170421516719998,73190,0.8168912418171401,2,0.21923915908102373,73190,0.6599353344042687,73190
topology_class_6_antenna_bin,mixed_compact_lowrise|low_ant,prior,GT-prior,path_loss,overall,3,2.293173766855997,437330,0.8271580781559772,437329,0.8267787062300855,3,0.945789696006634,437330,0.7027722711799286,437073
topology_class_6_antenna_bin,mixed_compact_lowrise|low_ant,prior,GT-prior,path_loss,los,3,2.2960959279440383,348715,0.8248240697713084,348714,0.8240052247868452,3,0.9013850944668901,348715,0.6833304088586002,348664
topology_class_6_antenna_bin,mixed_compact_lowrise|low_ant,prior,GT-prior,path_loss,nlos,3,2.281638228443877,88615,0.8363427692336887,88615,0.8482242208373235,3,0.7889721009260031,88615,0.7011182820170215,88409
topology_class_6_antenna_bin,mixed_compact_lowrise|low_ant,prior,GT-prior,delay_spread,overall,3,10.546494385749787,639432,0.6717773314629564,639432,0.6717773314629564,3,0.22510474200879083,639432,0.14755664122857529,639432
topology_class_6_antenna_bin,mixed_compact_lowrise|low_ant,prior,GT-prior,delay_spread,los,3,10.685667348421902,348715,0.5790221786935713,348715,0.5652099092122681,3,-0.010759283129967845,348715,0.1305286203061415,348715
topology_class_6_antenna_bin,mixed_compact_lowrise|low_ant,prior,GT-prior,delay_spread,nlos,3,10.377094501782462,290717,0.7830371239689885,290717,0.7908163506422984,3,0.02045819969392343,290717,0.14923761166836383,290717
topology_class_6_antenna_bin,mixed_compact_lowrise|low_ant,prior,GT-prior,angular_spread,overall,3,18.370744500807238,639432,0.46380313136371865,639432,0.46380313136371853,3,0.34135962249293067,639432,0.1918449232913437,639432
topology_class_6_antenna_bin,mixed_compact_lowrise|low_ant,prior,GT-prior,angular_spread,los,3,22.28953456975943,348715,0.2852988337714834,348715,0.2741236637542948,3,0.22216088352732372,348715,0.184236175416497,348715
topology_class_6_antenna_bin,mixed_compact_lowrise|low_ant,prior,GT-prior,angular_spread,nlos,3,12.097810893773909,290717,0.6779190108440251,290717,0.6812574161353825,3,0.04635152451417972,290717,0.1755298539004605,290717
topology_class_6_antenna_bin,mixed_compact_lowrise|low_ant,model,GT-model,path_loss,overall,3,1.9155001016682136,437330,0.8629522106295908,437329,0.8622641117719446,3,0.9618055364729311,437330,0.7611643198279553,437073
topology_class_6_antenna_bin,mixed_compact_lowrise|low_ant,model,GT-model,path_loss,los,3,1.8956286403237774,348715,0.8668796451876103,348714,0.8654419655855471,3,0.934349534136252,348715,0.7597203468517107,348664
topology_class_6_antenna_bin,mixed_compact_lowrise|low_ant,model,GT-model,path_loss,nlos,3,1.9917734816194597,88615,0.8474971362689836,88615,0.8597333299969622,3,0.8103196836072255,88615,0.7132467106635497,88409
topology_class_6_antenna_bin,mixed_compact_lowrise|low_ant,model,GT-model,delay_spread,overall,3,9.805324105778421,639432,0.6283524227146182,639432,0.6283524227146181,3,0.4092373815085036,639432,0.23801845075442263,639432
topology_class_6_antenna_bin,mixed_compact_lowrise|low_ant,model,GT-model,delay_spread,los,3,9.413509476554207,348715,0.5767107878893867,348715,0.560882166484527,3,0.41694077582936817,348715,0.24542417292364557,348715
topology_class_6_antenna_bin,mixed_compact_lowrise|low_ant,model,GT-model,delay_spread,nlos,3,10.25557793687707,290717,0.6902965563156136,290717,0.7133759864034833,3,0.09970666689677954,290717,0.21913456074606852,290717
topology_class_6_antenna_bin,mixed_compact_lowrise|low_ant,model,GT-model,angular_spread,overall,3,15.058867843619664,639432,0.48276090064441085,639432,0.48276090064441085,3,0.6029058083960038,639432,0.3658974333051955,639432
topology_class_6_antenna_bin,mixed_compact_lowrise|low_ant,model,GT-model,angular_spread,los,3,17.253330624766555,348715,0.3601526867252301,348715,0.349717437365935,3,0.6111065105210495,348715,0.36645278132276116,348715
topology_class_6_antenna_bin,mixed_compact_lowrise|low_ant,model,GT-model,angular_spread,nlos,3,11.904430457317787,290717,0.629829435738083,290717,0.6414987528941146,3,0.15014901673701592,290717,0.3440038460851414,290717
topology_class_6_antenna_bin,mixed_compact_lowrise|low_ant,prior_vs_model,prior-model,path_loss,overall,3,1.2354012658084494,437330,0.9502703116069839,437329,0.950640238997723,3,0.9847115198396708,437330,0.9252024165195338,437073
topology_class_6_antenna_bin,mixed_compact_lowrise|low_ant,prior_vs_model,prior-model,path_loss,los,3,1.2344466047314802,348715,0.9421081724558197,348714,0.9427467693271318,3,0.9677602172472313,348715,0.9020648108885363,348664
topology_class_6_antenna_bin,mixed_compact_lowrise|low_ant,prior_vs_model,prior-model,path_loss,nlos,3,1.2391508766620007,88615,0.9823896163743377,88615,0.9808106760396426,3,0.9686054752904936,88615,0.9804114776700034,88409
topology_class_6_antenna_bin,mixed_compact_lowrise|low_ant,prior_vs_model,prior-model,delay_spread,overall,3,3.484723474039289,639432,0.7976363689252612,639432,0.7976363689252612,3,0.6682077018392321,639432,0.7240921241766871,639432
topology_class_6_antenna_bin,mixed_compact_lowrise|low_ant,prior_vs_model,prior-model,delay_spread,los,3,4.570667818802612,348715,0.789727256070344,348715,0.7851369434085255,3,0.12182718457610925,348715,0.6610596888467296,348715
topology_class_6_antenna_bin,mixed_compact_lowrise|low_ant,prior_vs_model,prior-model,delay_spread,nlos,3,1.2846886196229987,290717,0.8071233486657046,290717,0.8249230040980043,3,0.41499574907159736,290717,0.7745719863710626,290717
topology_class_6_antenna_bin,mixed_compact_lowrise|low_ant,prior_vs_model,prior-model,angular_spread,overall,3,6.685751232030532,639432,0.6407350019043991,639432,0.6407350019043992,3,0.6805248449682729,639432,0.6742573478425226,639432
topology_class_6_antenna_bin,mixed_compact_lowrise|low_ant,prior_vs_model,prior-model,angular_spread,los,3,8.980961459169876,348715,0.5578903088092543,348715,0.5568344376598501,3,0.49462712648550533,348715,0.6191410147512187,348715
topology_class_6_antenna_bin,mixed_compact_lowrise|low_ant,prior_vs_model,prior-model,angular_spread,nlos,3,1.251868537778044,290717,0.7401071994459034,290717,0.7470050402072109,3,0.37019314205215414,290717,0.7279259361820124,290717
topology_class_6_antenna_bin,open_sparse_lowrise|high_ant,prior,GT-prior,path_loss,overall,3,1.378230002674226,706656,0.9456594820261369,706656,0.9456160441721356,3,0.9711049478732655,706656,0.9182996373449555,706645
topology_class_6_antenna_bin,open_sparse_lowrise|high_ant,prior,GT-prior,path_loss,los,3,1.3788406922787322,704461,0.9458291266102367,704461,0.9457791296445017,3,0.971002583424681,704461,0.9189054068747776,704460
topology_class_6_antenna_bin,open_sparse_lowrise|high_ant,prior,GT-prior,path_loss,nlos,3,1.1658252017543675,2195,0.8912139269648489,2195,0.8920518116701465,3,0.8592474900000817,2195,0.8937010383786462,2185
topology_class_6_antenna_bin,open_sparse_lowrise|high_ant,prior,GT-prior,delay_spread,overall,3,1.3522518814407596,736170,0.9685447387275056,736170,0.9685447387275056,3,0.5962435310908066,736170,0.25262558750103026,736170
topology_class_6_antenna_bin,open_sparse_lowrise|high_ant,prior,GT-prior,delay_spread,los,3,1.3819972132472929,704461,0.96980442397225,704461,0.969714025176275,3,0.49695617369090145,704461,0.24652850688306296,704461
topology_class_6_antenna_bin,open_sparse_lowrise|high_ant,prior,GT-prior,delay_spread,nlos,3,0.14729853779775748,31709,0.9405590208809053,31709,0.942298699811114,3,-0.00544222803643886,13069,0.4135748689717689,31709
topology_class_6_antenna_bin,open_sparse_lowrise|high_ant,prior,GT-prior,angular_spread,overall,3,6.380712512224375,736170,0.8896066357345538,736170,0.8896066357345537,3,0.3459669980123369,736170,0.27469680900448074,736170
topology_class_6_antenna_bin,open_sparse_lowrise|high_ant,prior,GT-prior,angular_spread,los,3,6.516276028465008,704461,0.8957010840800176,704461,0.8955505709585602,3,0.34502726567080005,704461,0.32190950598301343,704461
topology_class_6_antenna_bin,open_sparse_lowrise|high_ant,prior,GT-prior,angular_spread,nlos,3,1.36789533007126,31709,0.7542097081779026,31709,0.7557651140110653,3,0.008095744331707354,13069,0.17219746534260952,31709
topology_class_6_antenna_bin,open_sparse_lowrise|high_ant,model,GT-model,path_loss,overall,3,0.7895985036324974,706656,0.9832469151724009,706656,0.9832258538566093,3,0.9872374971371904,706656,0.9519996495875604,706645
topology_class_6_antenna_bin,open_sparse_lowrise|high_ant,model,GT-model,path_loss,los,3,0.7882766767130822,704461,0.9834164909770631,704461,0.983392848738534,3,0.9871394807748384,704461,0.9520207502135583,704460
topology_class_6_antenna_bin,open_sparse_lowrise|high_ant,model,GT-model,path_loss,nlos,3,1.1370316939911562,2195,0.9288234341117407,2195,0.9313909387317608,3,0.8867947164247985,2195,0.933361192668236,2185
topology_class_6_antenna_bin,open_sparse_lowrise|high_ant,model,GT-model,delay_spread,overall,3,1.217496829560064,736170,0.9761957859825675,736170,0.9761957859825675,3,0.6749711892745154,736170,0.40632291797521164,736170
topology_class_6_antenna_bin,open_sparse_lowrise|high_ant,model,GT-model,delay_spread,los,3,1.2442034646528832,704461,0.9772836400381752,704461,0.9772040954846556,3,0.6031374222713681,704461,0.39839406456252896,704461
topology_class_6_antenna_bin,open_sparse_lowrise|high_ant,model,GT-model,delay_spread,nlos,3,0.14733317165272333,31709,0.9520275449195418,31709,0.9538998090710136,3,-0.0014000542814366938,13069,0.5046407968265691,31709
topology_class_6_antenna_bin,open_sparse_lowrise|high_ant,model,GT-model,angular_spread,overall,3,5.16740764639717,736170,0.9062825399099996,736170,0.9062825399099997,3,0.6324501956209707,736170,0.40062159733216635,736170
topology_class_6_antenna_bin,open_sparse_lowrise|high_ant,model,GT-model,angular_spread,los,3,5.274444864371103,704461,0.9114590899962084,704461,0.9113218966563039,3,0.632320432994348,704461,0.39637826501694684,704461
topology_class_6_antenna_bin,open_sparse_lowrise|high_ant,model,GT-model,angular_spread,nlos,3,1.368037573835148,31709,0.7912780411783867,31709,0.7933703994622755,3,0.0031057379715012166,13069,0.4843385525635656,31709
topology_class_6_antenna_bin,open_sparse_lowrise|high_ant,prior_vs_model,prior-model,path_loss,overall,3,1.0182815958670468,706656,0.9676836024923763,706656,0.9676790824574352,3,0.9845057647832909,706656,0.9580863834048022,706645
topology_class_6_antenna_bin,open_sparse_lowrise|high_ant,prior_vs_model,prior-model,path_loss,los,3,1.0194471099090823,704461,0.9677381131650611,704461,0.9677328525951173,3,0.9845452968124341,704461,0.9586980127251151,704460
topology_class_6_antenna_bin,open_sparse_lowrise|high_ant,prior_vs_model,prior-model,path_loss,nlos,3,0.5240867687865792,2195,0.9501890043191323,2195,0.948373926787695,3,0.9753519321322786,2195,0.9578031195521692,2185
topology_class_6_antenna_bin,open_sparse_lowrise|high_ant,prior_vs_model,prior-model,delay_spread,overall,3,0.6449613632415957,736170,0.987572406221123,736170,0.987572406221123,3,0.8555258666008079,736170,0.6560139935378833,736170
topology_class_6_antenna_bin,open_sparse_lowrise|high_ant,prior_vs_model,prior-model,delay_spread,los,3,0.6593154322219608,704461,0.9876437253569054,704461,0.9876005755163874,3,0.7952626498441172,704461,0.6391285145590181,704461
topology_class_6_antenna_bin,open_sparse_lowrise|high_ant,prior_vs_model,prior-model,delay_spread,nlos,3,0.006793857087260783,31709,0.9859879491359945,31709,0.9861465745609651,3,0.013732317991384104,31709,0.8302903972923141,31709
topology_class_6_antenna_bin,open_sparse_lowrise|high_ant,prior_vs_model,prior-model,angular_spread,overall,3,2.7234599336835714,736170,0.9197552773179826,736170,0.9197552773179826,3,0.5850702473058408,736170,0.43149231130266913,736170
topology_class_6_antenna_bin,open_sparse_lowrise|high_ant,prior_vs_model,prior-model,angular_spread,los,3,2.7840767529272497,704461,0.9225102689751417,704461,0.9224072214283562,3,0.583765448117397,704461,0.435178248949047,704461
topology_class_6_antenna_bin,open_sparse_lowrise|high_ant,prior_vs_model,prior-model,angular_spread,nlos,3,0.017053981993051356,31709,0.8585491788035576,31709,0.8589120012851069,3,0.016460752849425917,31709,0.537902572749882,31709
topology_class_6_antenna_bin,open_sparse_lowrise|mid_ant,prior,GT-prior,path_loss,overall,2,1.3489476644329295,459320,0.9412501998156502,459320,0.9412488197008645,2,0.968825837866487,459320,0.9042600330322621,459306
topology_class_6_antenna_bin,open_sparse_lowrise|mid_ant,prior,GT-prior,path_loss,los,2,1.3452072255112362,454844,0.9417072318238063,454844,0.9417048107641846,2,0.9683456889979599,454844,0.9075926914906144,454844
topology_class_6_antenna_bin,open_sparse_lowrise|mid_ant,prior,GT-prior,path_loss,nlos,2,1.6863277302467503,4476,0.89480733415037,4476,0.8940631576687416,2,0.8443836602388495,4476,0.8210942287125336,4462
topology_class_6_antenna_bin,open_sparse_lowrise|mid_ant,prior,GT-prior,delay_spread,overall,2,3.6110933001780467,490780,0.9145721895746648,490780,0.9145721895746648,2,0.23143473502172304,490780,0.15281473735733386,490780
topology_class_6_antenna_bin,open_sparse_lowrise|mid_ant,prior,GT-prior,delay_spread,los,2,3.746129387174465,454844,0.9160543517721972,454844,0.9160429167858082,2,0.1720557378386372,454844,0.1461814661948224,454844
topology_class_6_antenna_bin,open_sparse_lowrise|mid_ant,prior,GT-prior,delay_spread,nlos,2,0.6821496530995952,35936,0.8958123781717692,35936,0.8958291837922343,2,0.041925648392509,35936,0.28071351876000183,35936
topology_class_6_antenna_bin,open_sparse_lowrise|mid_ant,prior,GT-prior,angular_spread,overall,2,8.528642493139381,490780,0.8309840671982908,490780,0.8309840671982909,2,0.3144678462323998,490780,0.25950529420740215,490780
topology_class_6_antenna_bin,open_sparse_lowrise|mid_ant,prior,GT-prior,angular_spread,los,2,8.746766166433014,454844,0.837410202605701,454844,0.8374013441163127,2,0.31518818218124756,454844,0.2889109455215935,454844
topology_class_6_antenna_bin,open_sparse_lowrise|mid_ant,prior,GT-prior,angular_spread,nlos,2,5.004371042141008,35936,0.7496481051199287,35936,0.7494761827724434,2,0.03555434003677168,35936,0.17298710691684496,35936
topology_class_6_antenna_bin,open_sparse_lowrise|mid_ant,model,GT-model,path_loss,overall,2,0.8938287042005538,459320,0.9746921379049732,459320,0.9746909542518372,2,0.9848982903547833,459320,0.9347667861464316,459306
topology_class_6_antenna_bin,open_sparse_lowrise|mid_ant,model,GT-model,path_loss,los,2,0.8851622905164978,454844,0.9752605743647584,454844,0.9752585083007658,2,0.984623105497848,454844,0.936365611047077,454844
topology_class_6_antenna_bin,open_sparse_lowrise|mid_ant,model,GT-model,path_loss,nlos,2,1.5380600515940541,4476,0.9169285290768842,4476,0.916137976376725,2,0.8570851756932715,4476,0.8422087775357613,4462
topology_class_6_antenna_bin,open_sparse_lowrise|mid_ant,model,GT-model,delay_spread,overall,2,3.3452644958222595,490780,0.9217330353204757,490780,0.9217330353204757,2,0.4256795514601011,490780,0.31582732288199966,490780
topology_class_6_antenna_bin,open_sparse_lowrise|mid_ant,model,GT-model,delay_spread,los,2,3.4696291528556134,454844,0.922873948148593,454844,0.9228601903908998,2,0.3998862810371815,454844,0.2978763292121579,454844
topology_class_6_antenna_bin,open_sparse_lowrise|mid_ant,model,GT-model,delay_spread,nlos,2,0.6808339329119256,35936,0.9072924366341394,35936,0.9073274585465307,2,0.07749999172930651,35936,0.506858324439243,35936
topology_class_6_antenna_bin,open_sparse_lowrise|mid_ant,model,GT-model,angular_spread,overall,2,6.926034084608937,490780,0.8406748669166275,490780,0.8406748669166275,2,0.6321682399553639,490780,0.40181987594716106,490780
topology_class_6_antenna_bin,open_sparse_lowrise|mid_ant,model,GT-model,angular_spread,los,2,7.0569251626499145,454844,0.8465451920476067,454844,0.8465308965095788,2,0.6384316549185234,454844,0.3957830052976904,454844
topology_class_6_antenna_bin,open_sparse_lowrise|mid_ant,model,GT-model,angular_spread,nlos,2,4.980405385649633,35936,0.7663738271827936,35936,0.7663644334136668,2,0.1731636874352571,35936,0.4498675691225867,35936
topology_class_6_antenna_bin,open_sparse_lowrise|mid_ant,prior_vs_model,prior-model,path_loss,overall,2,0.9564712193069694,459320,0.9679388386811917,459320,0.9679384872604555,2,0.9844517119604014,459320,0.9599184498222243,459306
topology_class_6_antenna_bin,open_sparse_lowrise|mid_ant,prior_vs_model,prior-model,path_loss,los,2,0.9590118835091089,454844,0.9679040898723732,454844,0.967903436648491,2,0.9841675191874029,454844,0.9614508797161574,454844
topology_class_6_antenna_bin,open_sparse_lowrise|mid_ant,prior_vs_model,prior-model,path_loss,nlos,2,0.648306338726466,4476,0.971469957358183,4476,0.9712930888799092,2,0.9881540294543368,4476,0.9722125680961471,4462
topology_class_6_antenna_bin,open_sparse_lowrise|mid_ant,prior_vs_model,prior-model,delay_spread,overall,2,1.4608451676559902,490780,0.9603571582721747,490780,0.9603571582721748,2,0.5732548983090955,490780,0.5363543305306773,490780
topology_class_6_antenna_bin,open_sparse_lowrise|mid_ant,prior_vs_model,prior-model,delay_spread,los,2,1.5174133597909307,454844,0.9602236213744164,454844,0.9602170280227136,2,0.49004071215581474,454844,0.5099033785976209,454844
topology_class_6_antenna_bin,open_sparse_lowrise|mid_ant,prior_vs_model,prior-model,delay_spread,nlos,2,0.040923304594139516,35936,0.962047342397397,35936,0.9621378846562164,2,0.16721230336555704,35936,0.6169140031170844,35936
topology_class_6_antenna_bin,open_sparse_lowrise|mid_ant,prior_vs_model,prior-model,angular_spread,overall,2,3.5610617837833183,490780,0.8800915921720252,490780,0.8800915921720252,2,0.586892584799945,490780,0.5383032919226507,490780
topology_class_6_antenna_bin,open_sparse_lowrise|mid_ant,prior_vs_model,prior-model,angular_spread,los,2,3.6988461053238155,454844,0.8824872861573209,454844,0.8824798247448047,2,0.5833850453343288,454844,0.5187894517264533,454844
topology_class_6_antenna_bin,open_sparse_lowrise|mid_ant,prior_vs_model,prior-model,angular_spread,nlos,2,0.1424364801369625,35936,0.8497691568690464,35936,0.8498041349590149,2,0.2395420991948945,35936,0.6194229521310779,35936
topology_class_3_antenna_bin,mixed|high_ant,prior,GT-prior,path_loss,overall,2,1.9042119367525212,361304,0.8969074267189305,361304,0.8967368420331678,2,0.9266412333985656,361304,0.7807872720981658,361285
topology_class_3_antenna_bin,mixed|high_ant,prior,GT-prior,path_loss,los,2,1.9032184976411302,353098,0.8977892057705902,353098,0.8975805316996133,2,0.9237454381026862,353098,0.7805874115594978,353097
topology_class_3_antenna_bin,mixed|high_ant,prior,GT-prior,path_loss,nlos,2,1.9464786380044767,8206,0.8589651382004135,8206,0.8600086982919519,2,0.7055245771081569,8206,0.7787199379587546,8188
topology_class_3_antenna_bin,mixed|high_ant,prior,GT-prior,delay_spread,overall,2,1.804892470388064,426288,0.9230405215444241,426288,0.9230405215444242,2,0.6033569788485637,426288,0.267386853344712,426288
topology_class_3_antenna_bin,mixed|high_ant,prior,GT-prior,delay_spread,los,2,1.947363902492786,353098,0.9200356126327695,353098,0.9195198102340367,2,0.38242657790732876,353098,0.21837063087714953,353098
topology_class_3_antenna_bin,mixed|high_ant,prior,GT-prior,delay_spread,nlos,2,0.8237492484879441,73190,0.9375374108310399,73190,0.9383229925403753,2,0.11397651513271906,73190,0.4330591785792196,73190
topology_class_3_antenna_bin,mixed|high_ant,prior,GT-prior,angular_spread,overall,2,11.674734716684815,426288,0.6663986432530421,426288,0.6663986432530421,2,0.41119933381805,426288,0.24108839074253463,426288
topology_class_3_antenna_bin,mixed|high_ant,prior,GT-prior,angular_spread,los,2,12.552668901455212,353098,0.6470432069409056,353098,0.6461997601601677,2,0.403960246495209,353098,0.24605512998058943,353098
topology_class_3_antenna_bin,mixed|high_ant,prior,GT-prior,angular_spread,nlos,2,5.803798530578404,73190,0.7597770535678777,73190,0.7600729210591247,2,0.13457851964043135,73190,0.2884649693928497,73190
topology_class_3_antenna_bin,mixed|high_ant,model,GT-model,path_loss,overall,2,1.7346717195989505,361304,0.9099760261231624,361304,0.9099835712216264,2,0.9483709165950512,361304,0.8462178992976975,361285
topology_class_3_antenna_bin,mixed|high_ant,model,GT-model,path_loss,los,2,1.7320752630278686,353098,0.9106767229370685,353098,0.9106943728672571,2,0.9475983264150041,353098,0.8466753780558809,353097
topology_class_3_antenna_bin,mixed|high_ant,model,GT-model,path_loss,nlos,2,1.8429333484648565,8206,0.8798255699207993,8206,0.8814617334928753,2,0.7247588854150262,8206,0.8106363262980777,8188
topology_class_3_antenna_bin,mixed|high_ant,model,GT-model,delay_spread,overall,2,1.495645714919872,426288,0.9477356955744205,426288,0.9477356955744205,2,0.7390889370419569,426288,0.4919067400843381,426288
topology_class_3_antenna_bin,mixed|high_ant,model,GT-model,delay_spread,los,2,1.600236990888339,353098,0.9455493830502968,353098,0.9451850020968531,2,0.6295856516853429,353098,0.45037476292092327,353098
topology_class_3_antenna_bin,mixed|high_ant,model,GT-model,delay_spread,nlos,2,0.8214642138136162,73190,0.9582833466147677,73190,0.9592631329940748,2,0.18959095370966442,73190,0.6479658518529112,73190
topology_class_3_antenna_bin,mixed|high_ant,model,GT-model,angular_spread,overall,2,8.595554343576529,426288,0.7381832763826927,426288,0.7381832763826928,2,0.7451980390541383,426288,0.5170760327084727,426288
topology_class_3_antenna_bin,mixed|high_ant,model,GT-model,angular_spread,los,2,9.071579355351684,353098,0.7257224314700148,353098,0.7250187015729239,2,0.7561600996951061,353098,0.5047367984639297,353098
topology_class_3_antenna_bin,mixed|high_ant,model,GT-model,angular_spread,nlos,2,5.771511375641305,73190,0.7982994045009713,73190,0.7990741981556391,2,0.23292502228048634,73190,0.5899185378570826,73190
topology_class_3_antenna_bin,mixed|high_ant,prior_vs_model,prior-model,path_loss,overall,2,0.991034111856844,361304,0.9588933502018172,361304,0.9588571202118292,2,0.9713513202023975,361304,0.9093121898753821,361285
topology_class_3_antenna_bin,mixed|high_ant,prior_vs_model,prior-model,path_loss,los,2,0.9895632953908723,353098,0.9590684595556644,353098,0.9590209671750995,2,0.9681944778475321,353098,0.9068219984924981,353097
topology_class_3_antenna_bin,mixed|high_ant,prior_vs_model,prior-model,path_loss,nlos,2,1.0523767893901708,8206,0.9513585265819369,8206,0.9505571441354073,2,0.943529854026104,8206,0.9516343279636229,8188
topology_class_3_antenna_bin,mixed|high_ant,prior_vs_model,prior-model,delay_spread,overall,2,1.0068165179754172,426288,0.9659793313121435,426288,0.9659793313121436,2,0.8185400838419735,426288,0.5986579063462351,426288
topology_class_3_antenna_bin,mixed|high_ant,prior_vs_model,prior-model,delay_spread,los,2,1.1062147735786632,353098,0.9645674033956283,353098,0.9643518076158291,2,0.6242768058643224,353098,0.5613172583276034,353098
topology_class_3_antenna_bin,mixed|high_ant,prior_vs_model,prior-model,delay_spread,nlos,2,0.02006144089578217,73190,0.9727910395163479,73190,0.9730191976547262,2,0.12842474038660331,73190,0.6824620224879864,73190
topology_class_3_antenna_bin,mixed|high_ant,prior_vs_model,prior-model,angular_spread,overall,2,5.032889848751263,426288,0.7465881941347944,426288,0.7465881941347944,2,0.618479881976335,426288,0.5102877100829745,426288
topology_class_3_antenna_bin,mixed|high_ant,prior_vs_model,prior-model,angular_spread,los,2,5.5295485733443925,353098,0.731984528432502,353098,0.7315114072306226,2,0.5991503800843777,353098,0.4729630807926845,353098
topology_class_3_antenna_bin,mixed|high_ant,prior_vs_model,prior-model,angular_spread,nlos,2,0.14668781076369725,73190,0.8170421516719998,73190,0.8168912418171401,2,0.21923915908102373,73190,0.6599353344042687,73190
topology_class_3_antenna_bin,mixed|low_ant,prior,GT-prior,path_loss,overall,3,2.293173766855997,437330,0.8271580781559772,437329,0.8267787062300855,3,0.945789696006634,437330,0.7027722711799286,437073
topology_class_3_antenna_bin,mixed|low_ant,prior,GT-prior,path_loss,los,3,2.2960959279440383,348715,0.8248240697713084,348714,0.8240052247868452,3,0.9013850944668901,348715,0.6833304088586002,348664
topology_class_3_antenna_bin,mixed|low_ant,prior,GT-prior,path_loss,nlos,3,2.281638228443877,88615,0.8363427692336887,88615,0.8482242208373235,3,0.7889721009260031,88615,0.7011182820170215,88409
topology_class_3_antenna_bin,mixed|low_ant,prior,GT-prior,delay_spread,overall,3,10.546494385749787,639432,0.6717773314629564,639432,0.6717773314629564,3,0.22510474200879083,639432,0.14755664122857529,639432
topology_class_3_antenna_bin,mixed|low_ant,prior,GT-prior,delay_spread,los,3,10.685667348421902,348715,0.5790221786935713,348715,0.5652099092122681,3,-0.010759283129967845,348715,0.1305286203061415,348715
topology_class_3_antenna_bin,mixed|low_ant,prior,GT-prior,delay_spread,nlos,3,10.377094501782462,290717,0.7830371239689885,290717,0.7908163506422984,3,0.02045819969392343,290717,0.14923761166836383,290717
topology_class_3_antenna_bin,mixed|low_ant,prior,GT-prior,angular_spread,overall,3,18.370744500807238,639432,0.46380313136371865,639432,0.46380313136371853,3,0.34135962249293067,639432,0.1918449232913437,639432
topology_class_3_antenna_bin,mixed|low_ant,prior,GT-prior,angular_spread,los,3,22.28953456975943,348715,0.2852988337714834,348715,0.2741236637542948,3,0.22216088352732372,348715,0.184236175416497,348715
topology_class_3_antenna_bin,mixed|low_ant,prior,GT-prior,angular_spread,nlos,3,12.097810893773909,290717,0.6779190108440251,290717,0.6812574161353825,3,0.04635152451417972,290717,0.1755298539004605,290717
topology_class_3_antenna_bin,mixed|low_ant,model,GT-model,path_loss,overall,3,1.9155001016682136,437330,0.8629522106295908,437329,0.8622641117719446,3,0.9618055364729311,437330,0.7611643198279553,437073
topology_class_3_antenna_bin,mixed|low_ant,model,GT-model,path_loss,los,3,1.8956286403237774,348715,0.8668796451876103,348714,0.8654419655855471,3,0.934349534136252,348715,0.7597203468517107,348664
topology_class_3_antenna_bin,mixed|low_ant,model,GT-model,path_loss,nlos,3,1.9917734816194597,88615,0.8474971362689836,88615,0.8597333299969622,3,0.8103196836072255,88615,0.7132467106635497,88409
topology_class_3_antenna_bin,mixed|low_ant,model,GT-model,delay_spread,overall,3,9.805324105778421,639432,0.6283524227146182,639432,0.6283524227146181,3,0.4092373815085036,639432,0.23801845075442263,639432
topology_class_3_antenna_bin,mixed|low_ant,model,GT-model,delay_spread,los,3,9.413509476554207,348715,0.5767107878893867,348715,0.560882166484527,3,0.41694077582936817,348715,0.24542417292364557,348715
topology_class_3_antenna_bin,mixed|low_ant,model,GT-model,delay_spread,nlos,3,10.25557793687707,290717,0.6902965563156136,290717,0.7133759864034833,3,0.09970666689677954,290717,0.21913456074606852,290717
topology_class_3_antenna_bin,mixed|low_ant,model,GT-model,angular_spread,overall,3,15.058867843619664,639432,0.48276090064441085,639432,0.48276090064441085,3,0.6029058083960038,639432,0.3658974333051955,639432
topology_class_3_antenna_bin,mixed|low_ant,model,GT-model,angular_spread,los,3,17.253330624766555,348715,0.3601526867252301,348715,0.349717437365935,3,0.6111065105210495,348715,0.36645278132276116,348715
topology_class_3_antenna_bin,mixed|low_ant,model,GT-model,angular_spread,nlos,3,11.904430457317787,290717,0.629829435738083,290717,0.6414987528941146,3,0.15014901673701592,290717,0.3440038460851414,290717
topology_class_3_antenna_bin,mixed|low_ant,prior_vs_model,prior-model,path_loss,overall,3,1.2354012658084494,437330,0.9502703116069839,437329,0.950640238997723,3,0.9847115198396708,437330,0.9252024165195338,437073
topology_class_3_antenna_bin,mixed|low_ant,prior_vs_model,prior-model,path_loss,los,3,1.2344466047314802,348715,0.9421081724558197,348714,0.9427467693271318,3,0.9677602172472313,348715,0.9020648108885363,348664
topology_class_3_antenna_bin,mixed|low_ant,prior_vs_model,prior-model,path_loss,nlos,3,1.2391508766620007,88615,0.9823896163743377,88615,0.9808106760396426,3,0.9686054752904936,88615,0.9804114776700034,88409
topology_class_3_antenna_bin,mixed|low_ant,prior_vs_model,prior-model,delay_spread,overall,3,3.484723474039289,639432,0.7976363689252612,639432,0.7976363689252612,3,0.6682077018392321,639432,0.7240921241766871,639432
topology_class_3_antenna_bin,mixed|low_ant,prior_vs_model,prior-model,delay_spread,los,3,4.570667818802612,348715,0.789727256070344,348715,0.7851369434085255,3,0.12182718457610925,348715,0.6610596888467296,348715
topology_class_3_antenna_bin,mixed|low_ant,prior_vs_model,prior-model,delay_spread,nlos,3,1.2846886196229987,290717,0.8071233486657046,290717,0.8249230040980043,3,0.41499574907159736,290717,0.7745719863710626,290717
topology_class_3_antenna_bin,mixed|low_ant,prior_vs_model,prior-model,angular_spread,overall,3,6.685751232030532,639432,0.6407350019043991,639432,0.6407350019043992,3,0.6805248449682729,639432,0.6742573478425226,639432
topology_class_3_antenna_bin,mixed|low_ant,prior_vs_model,prior-model,angular_spread,los,3,8.980961459169876,348715,0.5578903088092543,348715,0.5568344376598501,3,0.49462712648550533,348715,0.6191410147512187,348715
topology_class_3_antenna_bin,mixed|low_ant,prior_vs_model,prior-model,angular_spread,nlos,3,1.251868537778044,290717,0.7401071994459034,290717,0.7470050402072109,3,0.37019314205215414,290717,0.7279259361820124,290717
topology_class_3_antenna_bin,open|high_ant,prior,GT-prior,path_loss,overall,3,1.378230002674226,706656,0.9456594820261369,706656,0.9456160441721356,3,0.9711049478732655,706656,0.9182996373449555,706645
topology_class_3_antenna_bin,open|high_ant,prior,GT-prior,path_loss,los,3,1.3788406922787322,704461,0.9458291266102367,704461,0.9457791296445017,3,0.971002583424681,704461,0.9189054068747776,704460
topology_class_3_antenna_bin,open|high_ant,prior,GT-prior,path_loss,nlos,3,1.1658252017543675,2195,0.8912139269648489,2195,0.8920518116701465,3,0.8592474900000817,2195,0.8937010383786462,2185
topology_class_3_antenna_bin,open|high_ant,prior,GT-prior,delay_spread,overall,3,1.3522518814407596,736170,0.9685447387275056,736170,0.9685447387275056,3,0.5962435310908066,736170,0.25262558750103026,736170
topology_class_3_antenna_bin,open|high_ant,prior,GT-prior,delay_spread,los,3,1.3819972132472929,704461,0.96980442397225,704461,0.969714025176275,3,0.49695617369090145,704461,0.24652850688306296,704461
topology_class_3_antenna_bin,open|high_ant,prior,GT-prior,delay_spread,nlos,3,0.14729853779775748,31709,0.9405590208809053,31709,0.942298699811114,3,-0.00544222803643886,13069,0.4135748689717689,31709
topology_class_3_antenna_bin,open|high_ant,prior,GT-prior,angular_spread,overall,3,6.380712512224375,736170,0.8896066357345538,736170,0.8896066357345537,3,0.3459669980123369,736170,0.27469680900448074,736170
topology_class_3_antenna_bin,open|high_ant,prior,GT-prior,angular_spread,los,3,6.516276028465008,704461,0.8957010840800176,704461,0.8955505709585602,3,0.34502726567080005,704461,0.32190950598301343,704461
topology_class_3_antenna_bin,open|high_ant,prior,GT-prior,angular_spread,nlos,3,1.36789533007126,31709,0.7542097081779026,31709,0.7557651140110653,3,0.008095744331707354,13069,0.17219746534260952,31709
topology_class_3_antenna_bin,open|high_ant,model,GT-model,path_loss,overall,3,0.7895985036324974,706656,0.9832469151724009,706656,0.9832258538566093,3,0.9872374971371904,706656,0.9519996495875604,706645
topology_class_3_antenna_bin,open|high_ant,model,GT-model,path_loss,los,3,0.7882766767130822,704461,0.9834164909770631,704461,0.983392848738534,3,0.9871394807748384,704461,0.9520207502135583,704460
topology_class_3_antenna_bin,open|high_ant,model,GT-model,path_loss,nlos,3,1.1370316939911562,2195,0.9288234341117407,2195,0.9313909387317608,3,0.8867947164247985,2195,0.933361192668236,2185
topology_class_3_antenna_bin,open|high_ant,model,GT-model,delay_spread,overall,3,1.217496829560064,736170,0.9761957859825675,736170,0.9761957859825675,3,0.6749711892745154,736170,0.40632291797521164,736170
topology_class_3_antenna_bin,open|high_ant,model,GT-model,delay_spread,los,3,1.2442034646528832,704461,0.9772836400381752,704461,0.9772040954846556,3,0.6031374222713681,704461,0.39839406456252896,704461
topology_class_3_antenna_bin,open|high_ant,model,GT-model,delay_spread,nlos,3,0.14733317165272333,31709,0.9520275449195418,31709,0.9538998090710136,3,-0.0014000542814366938,13069,0.5046407968265691,31709
topology_class_3_antenna_bin,open|high_ant,model,GT-model,angular_spread,overall,3,5.16740764639717,736170,0.9062825399099996,736170,0.9062825399099997,3,0.6324501956209707,736170,0.40062159733216635,736170
topology_class_3_antenna_bin,open|high_ant,model,GT-model,angular_spread,los,3,5.274444864371103,704461,0.9114590899962084,704461,0.9113218966563039,3,0.632320432994348,704461,0.39637826501694684,704461
topology_class_3_antenna_bin,open|high_ant,model,GT-model,angular_spread,nlos,3,1.368037573835148,31709,0.7912780411783867,31709,0.7933703994622755,3,0.0031057379715012166,13069,0.4843385525635656,31709
topology_class_3_antenna_bin,open|high_ant,prior_vs_model,prior-model,path_loss,overall,3,1.0182815958670468,706656,0.9676836024923763,706656,0.9676790824574352,3,0.9845057647832909,706656,0.9580863834048022,706645
topology_class_3_antenna_bin,open|high_ant,prior_vs_model,prior-model,path_loss,los,3,1.0194471099090823,704461,0.9677381131650611,704461,0.9677328525951173,3,0.9845452968124341,704461,0.9586980127251151,704460
topology_class_3_antenna_bin,open|high_ant,prior_vs_model,prior-model,path_loss,nlos,3,0.5240867687865792,2195,0.9501890043191323,2195,0.948373926787695,3,0.9753519321322786,2195,0.9578031195521692,2185
topology_class_3_antenna_bin,open|high_ant,prior_vs_model,prior-model,delay_spread,overall,3,0.6449613632415957,736170,0.987572406221123,736170,0.987572406221123,3,0.8555258666008079,736170,0.6560139935378833,736170
topology_class_3_antenna_bin,open|high_ant,prior_vs_model,prior-model,delay_spread,los,3,0.6593154322219608,704461,0.9876437253569054,704461,0.9876005755163874,3,0.7952626498441172,704461,0.6391285145590181,704461
topology_class_3_antenna_bin,open|high_ant,prior_vs_model,prior-model,delay_spread,nlos,3,0.006793857087260783,31709,0.9859879491359945,31709,0.9861465745609651,3,0.013732317991384104,31709,0.8302903972923141,31709
topology_class_3_antenna_bin,open|high_ant,prior_vs_model,prior-model,angular_spread,overall,3,2.7234599336835714,736170,0.9197552773179826,736170,0.9197552773179826,3,0.5850702473058408,736170,0.43149231130266913,736170
topology_class_3_antenna_bin,open|high_ant,prior_vs_model,prior-model,angular_spread,los,3,2.7840767529272497,704461,0.9225102689751417,704461,0.9224072214283562,3,0.583765448117397,704461,0.435178248949047,704461
topology_class_3_antenna_bin,open|high_ant,prior_vs_model,prior-model,angular_spread,nlos,3,0.017053981993051356,31709,0.8585491788035576,31709,0.8589120012851069,3,0.016460752849425917,31709,0.537902572749882,31709
topology_class_3_antenna_bin,open|mid_ant,prior,GT-prior,path_loss,overall,2,1.3489476644329295,459320,0.9412501998156502,459320,0.9412488197008645,2,0.968825837866487,459320,0.9042600330322621,459306
topology_class_3_antenna_bin,open|mid_ant,prior,GT-prior,path_loss,los,2,1.3452072255112362,454844,0.9417072318238063,454844,0.9417048107641846,2,0.9683456889979599,454844,0.9075926914906144,454844
topology_class_3_antenna_bin,open|mid_ant,prior,GT-prior,path_loss,nlos,2,1.6863277302467503,4476,0.89480733415037,4476,0.8940631576687416,2,0.8443836602388495,4476,0.8210942287125336,4462
topology_class_3_antenna_bin,open|mid_ant,prior,GT-prior,delay_spread,overall,2,3.6110933001780467,490780,0.9145721895746648,490780,0.9145721895746648,2,0.23143473502172304,490780,0.15281473735733386,490780
topology_class_3_antenna_bin,open|mid_ant,prior,GT-prior,delay_spread,los,2,3.746129387174465,454844,0.9160543517721972,454844,0.9160429167858082,2,0.1720557378386372,454844,0.1461814661948224,454844
topology_class_3_antenna_bin,open|mid_ant,prior,GT-prior,delay_spread,nlos,2,0.6821496530995952,35936,0.8958123781717692,35936,0.8958291837922343,2,0.041925648392509,35936,0.28071351876000183,35936
topology_class_3_antenna_bin,open|mid_ant,prior,GT-prior,angular_spread,overall,2,8.528642493139381,490780,0.8309840671982908,490780,0.8309840671982909,2,0.3144678462323998,490780,0.25950529420740215,490780
topology_class_3_antenna_bin,open|mid_ant,prior,GT-prior,angular_spread,los,2,8.746766166433014,454844,0.837410202605701,454844,0.8374013441163127,2,0.31518818218124756,454844,0.2889109455215935,454844
topology_class_3_antenna_bin,open|mid_ant,prior,GT-prior,angular_spread,nlos,2,5.004371042141008,35936,0.7496481051199287,35936,0.7494761827724434,2,0.03555434003677168,35936,0.17298710691684496,35936
topology_class_3_antenna_bin,open|mid_ant,model,GT-model,path_loss,overall,2,0.8938287042005538,459320,0.9746921379049732,459320,0.9746909542518372,2,0.9848982903547833,459320,0.9347667861464316,459306
topology_class_3_antenna_bin,open|mid_ant,model,GT-model,path_loss,los,2,0.8851622905164978,454844,0.9752605743647584,454844,0.9752585083007658,2,0.984623105497848,454844,0.936365611047077,454844
topology_class_3_antenna_bin,open|mid_ant,model,GT-model,path_loss,nlos,2,1.5380600515940541,4476,0.9169285290768842,4476,0.916137976376725,2,0.8570851756932715,4476,0.8422087775357613,4462
topology_class_3_antenna_bin,open|mid_ant,model,GT-model,delay_spread,overall,2,3.3452644958222595,490780,0.9217330353204757,490780,0.9217330353204757,2,0.4256795514601011,490780,0.31582732288199966,490780
topology_class_3_antenna_bin,open|mid_ant,model,GT-model,delay_spread,los,2,3.4696291528556134,454844,0.922873948148593,454844,0.9228601903908998,2,0.3998862810371815,454844,0.2978763292121579,454844
topology_class_3_antenna_bin,open|mid_ant,model,GT-model,delay_spread,nlos,2,0.6808339329119256,35936,0.9072924366341394,35936,0.9073274585465307,2,0.07749999172930651,35936,0.506858324439243,35936
topology_class_3_antenna_bin,open|mid_ant,model,GT-model,angular_spread,overall,2,6.926034084608937,490780,0.8406748669166275,490780,0.8406748669166275,2,0.6321682399553639,490780,0.40181987594716106,490780
topology_class_3_antenna_bin,open|mid_ant,model,GT-model,angular_spread,los,2,7.0569251626499145,454844,0.8465451920476067,454844,0.8465308965095788,2,0.6384316549185234,454844,0.3957830052976904,454844
topology_class_3_antenna_bin,open|mid_ant,model,GT-model,angular_spread,nlos,2,4.980405385649633,35936,0.7663738271827936,35936,0.7663644334136668,2,0.1731636874352571,35936,0.4498675691225867,35936
topology_class_3_antenna_bin,open|mid_ant,prior_vs_model,prior-model,path_loss,overall,2,0.9564712193069694,459320,0.9679388386811917,459320,0.9679384872604555,2,0.9844517119604014,459320,0.9599184498222243,459306
topology_class_3_antenna_bin,open|mid_ant,prior_vs_model,prior-model,path_loss,los,2,0.9590118835091089,454844,0.9679040898723732,454844,0.967903436648491,2,0.9841675191874029,454844,0.9614508797161574,454844
topology_class_3_antenna_bin,open|mid_ant,prior_vs_model,prior-model,path_loss,nlos,2,0.648306338726466,4476,0.971469957358183,4476,0.9712930888799092,2,0.9881540294543368,4476,0.9722125680961471,4462
topology_class_3_antenna_bin,open|mid_ant,prior_vs_model,prior-model,delay_spread,overall,2,1.4608451676559902,490780,0.9603571582721747,490780,0.9603571582721748,2,0.5732548983090955,490780,0.5363543305306773,490780
topology_class_3_antenna_bin,open|mid_ant,prior_vs_model,prior-model,delay_spread,los,2,1.5174133597909307,454844,0.9602236213744164,454844,0.9602170280227136,2,0.49004071215581474,454844,0.5099033785976209,454844
topology_class_3_antenna_bin,open|mid_ant,prior_vs_model,prior-model,delay_spread,nlos,2,0.040923304594139516,35936,0.962047342397397,35936,0.9621378846562164,2,0.16721230336555704,35936,0.6169140031170844,35936
topology_class_3_antenna_bin,open|mid_ant,prior_vs_model,prior-model,angular_spread,overall,2,3.5610617837833183,490780,0.8800915921720252,490780,0.8800915921720252,2,0.586892584799945,490780,0.5383032919226507,490780
topology_class_3_antenna_bin,open|mid_ant,prior_vs_model,prior-model,angular_spread,los,2,3.6988461053238155,454844,0.8824872861573209,454844,0.8824798247448047,2,0.5833850453343288,454844,0.5187894517264533,454844
topology_class_3_antenna_bin,open|mid_ant,prior_vs_model,prior-model,angular_spread,nlos,2,0.1424364801369625,35936,0.8497691568690464,35936,0.8498041349590149,2,0.2395420991948945,35936,0.6194229521310779,35936
city,Vancouver,prior,GT-prior,path_loss,overall,10,1.7164258307763733,1964610,0.9092839566423232,1964609,0.8993155574674727,10,0.9567596692674788,1964610,0.8417684898073332,1964309
city,Vancouver,prior,GT-prior,path_loss,los,10,1.6843172231965324,1861118,0.9130349624220601,1861117,0.8987923748221638,10,0.9483433330980229,1861118,0.8457635708742371,1861065
city,Vancouver,prior,GT-prior,path_loss,nlos,10,2.215797853129669,103492,0.841828881624288,103492,0.8728971809443797,10,0.786242481612942,103492,0.7165334960309733,103244
city,Vancouver,prior,GT-prior,delay_spread,overall,10,5.916605058972761,2292670,0.8657610297027625,2292670,0.8596191632809564,10,0.4159618064216141,2292670,0.20470021446764983,2292670
city,Vancouver,prior,GT-prior,delay_spread,los,10,5.1250840157635045,1861118,0.8740056641684851,1861118,0.8275897257205319,10,0.30069393745329337,1861118,0.1949274587365138,1861118
city,Vancouver,prior,GT-prior,delay_spread,nlos,10,8.526271777856062,431552,0.8302050883386233,431552,0.8867649504025457,10,0.03808318287045915,412912,0.22774376798622198,431552
city,Vancouver,prior,GT-prior,angular_spread,overall,10,12.17011633733829,2292670,0.716797614247799,2292670,0.7054994722197485,10,0.3500681137037637,2292670,0.24208823296803358,2292670
city,Vancouver,prior,GT-prior,angular_spread,los,10,12.560003039215564,1861118,0.7199087498423653,1861118,0.6476224912691526,10,0.3258944858703,1861118,0.2736578738131452,1861118
city,Vancouver,prior,GT-prior,angular_spread,nlos,10,10.32132395113485,431552,0.7033804815372847,431552,0.7330165798102479,10,0.05983953493941681,412912,0.1942267391854409,431552
city,Vancouver,model,GT-model,path_loss,overall,10,1.334615478145306,1964610,0.9409938213331058,1964609,0.9305818947832589,10,0.9738815359882637,1964610,0.8860520378252643,1964309
city,Vancouver,model,GT-model,path_loss,los,10,1.2919616986207152,1861118,0.9457874939856776,1861117,0.931841020530829,10,0.9691314302585836,1861118,0.8921808151067493,1861065
city,Vancouver,model,GT-model,path_loss,nlos,10,1.948311838905805,103492,0.8547882627765379,103492,0.8968572225925371,10,0.8071800508785753,103492,0.7312022824970661,103244
city,Vancouver,model,GT-model,delay_spread,overall,10,5.486563570118447,2292670,0.8622310194653622,2292670,0.855258208788135,10,0.5594144699412893,2292670,0.3559234562626605,2292670
city,Vancouver,model,GT-model,delay_spread,los,10,4.540636794012033,1861118,0.882910802470221,1861118,0.8350349170883055,10,0.5235947448388095,1861118,0.35502846176270375,1861118
city,Vancouver,model,GT-model,delay_spread,nlos,10,8.426596564748717,431552,0.7730470592787875,431552,0.87350085695047,10,0.11050617898153035,412912,0.33680038226482945,431552
city,Vancouver,model,GT-model,angular_spread,overall,10,9.789118542521129,2292670,0.7428613229703225,2292670,0.7324846608261872,10,0.6451136176868749,2292670,0.4128464172470551,2292670
city,Vancouver,model,GT-model,angular_spread,los,10,9.699970575171491,1861118,0.7570584812935603,1861118,0.6926217198231723,10,0.653334456974723,1861118,0.41118386363288595,1861118
city,Vancouver,model,GT-model,angular_spread,nlos,10,10.164626669075155,431552,0.6816344328059208,431552,0.7435484720207781,10,0.16217027657386268,412912,0.40483704405337323,431552
city,Vancouver,prior_vs_model,prior-model,path_loss,overall,10,1.0522432113800568,1964610,0.9622504321684292,1964609,0.9608549179310044,10,0.9821197451006781,1964610,0.9422270662251726,1964309
city,Vancouver,prior_vs_model,prior-model,path_loss,los,10,1.0437703089809915,1861118,0.9613316040712253,1861117,0.9585287673413928,10,0.9782058382818475,1861118,0.938918424882149,1861065
city,Vancouver,prior_vs_model,prior-model,path_loss,nlos,10,1.194397445284997,103492,0.97877389863718,103492,0.9631254274512646,10,0.967605757951081,103492,0.9772964288652123,103244
city,Vancouver,prior_vs_model,prior-model,delay_spread,overall,10,2.040998643038506,2292670,0.9247579809853275,2292670,0.9208299304607788,10,0.7359810695263364,2292670,0.6387217334756857,2292670
city,Vancouver,prior_vs_model,prior-model,delay_spread,los,10,2.207656842360016,1861118,0.9394810003201493,1861118,0.9167350228051824,10,0.562047896757849,1861118,0.5968933917713782,1861118
city,Vancouver,prior_vs_model,prior-model,delay_spread,nlos,10,1.0545271140270582,431552,0.8612632542817442,431552,0.9303522900598793,10,0.31627730919258057,431552,0.7499159763168506,431552
city,Vancouver,prior_vs_model,prior-model,angular_spread,overall,10,4.719399114174578,2292670,0.8012472994144089,2292670,0.7934830410280784,10,0.6182949230909544,2292670,0.5367154611099614,2292670
city,Vancouver,prior_vs_model,prior-model,angular_spread,los,10,5.214521595999479,1861118,0.808263391055439,1861118,0.7665707441215474,10,0.5698896460222854,1861118,0.4972497448709153,1861118
city,Vancouver,prior_vs_model,prior-model,angular_spread,nlos,10,1.030094483422029,431552,0.7709895913218255,431552,0.8151141878029262,10,0.3077211845151602,431552,0.6933974292812523,431552
