split,city,n_samples,task,scope,model_rmse_pw,prior_rmse_pw,delta_rmse_pw,model_mae_pw,prior_mae_pw,delta_mae_pw,n_pixels
train,Abidjan,175,path_loss,overall,1.4083836245208348,1.6520284672098755,-0.24364484268904074,0.8673824857317866,1.093879007882685,-0.22649652215089844,27422319
train,Abidjan,175,path_loss,los,1.3760096102299688,1.6212375386714157,-0.24522792844144692,0.8546461706395125,1.0784003936648998,-0.22375422302538728,26184945
train,Abidjan,175,path_loss,nlos,1.9725877873951325,2.2049991069926738,-0.23241131959754124,1.1369045290438213,1.421432773373354,-0.2845282443295327,1237374
train,Abidjan,175,delay_spread,overall,7.704214617955392,8.055744730079777,-0.3515301121243848,1.9168988013322692,1.8789370856897347,0.03796171564253448,33853705
train,Abidjan,175,delay_spread,los,7.773318721906136,8.195674871465513,-0.42235614955937706,2.298058744520229,2.294196346949077,0.003862397571152254,26184945
train,Abidjan,175,delay_spread,nlos,7.463438015197392,7.558455296052585,-0.09501728085519279,0.6154300557431334,0.46103627185390034,0.15439378388923303,7668760
train,Abidjan,175,angular_spread,overall,10.41264414317612,12.712800412592568,-2.3001562694164477,3.5480435455892123,3.73961671751936,-0.1915731719301479,33853705
train,Abidjan,175,angular_spread,los,11.449780661244768,14.130888977056244,-2.6811083158114766,4.408990353432335,4.696991591775111,-0.28800123834277613,26184945
train,Abidjan,175,angular_spread,nlos,5.567926099713732,5.624644462376737,-0.05671836266300456,0.6083447907300445,0.470664871586221,0.13767991914382355,7668760
train,Abu Dhabi,1105,path_loss,overall,1.7377751953976939,2.057991052236774,-0.32021585683908005,0.9475125407417546,1.2889819387570287,-0.3414693980152741,184034170
train,Abu Dhabi,1105,path_loss,los,1.3733021682419648,1.6877254001250759,-0.31442323188311105,0.7619583425397396,1.0953220499904437,-0.3333637074507041,165830377
train,Abu Dhabi,1105,path_loss,nlos,3.6536750492053494,4.10726282120387,-0.4535877719985204,2.637848347250903,3.0531578060438034,-0.41530945879290027,18203793
train,Abu Dhabi,1105,delay_spread,overall,37.36545191805103,39.98578796301663,-2.6203360449655975,14.493210449378388,13.336819078892702,1.1563913704856859,244158465
train,Abu Dhabi,1105,delay_spread,los,34.50930320938384,38.15021842106817,-3.64091521168433,17.678066675625995,16.753242458404404,0.924824217221591,165830377
train,Abu Dhabi,1105,delay_spread,nlos,42.78774397246551,43.617770639397804,-0.8300266669322909,7.750470693618856,6.103822497071138,1.6466481965477175,78328088
train,Abu Dhabi,1105,angular_spread,overall,11.733142874300405,13.905800981807113,-2.1726581075067077,6.039763198798089,5.739667527741026,0.30009567105706303,244158465
train,Abu Dhabi,1105,angular_spread,los,12.59183661401778,15.395034669363717,-2.8031980553459377,7.747262699344829,7.6812955898878,0.06596710945702888,165830377
train,Abu Dhabi,1105,angular_spread,nlos,9.666682316373764,10.049321476316383,-0.38263915994261843,2.4247728010073546,1.628997618013585,0.7957751829937696,78328088
train,Alexandria,245,path_loss,overall,1.4847609460599744,1.6512204478920611,-0.1664595018320867,0.8939138415170046,1.062663048423562,-0.16874920690655737,42338170
train,Alexandria,245,path_loss,los,1.4338870845660021,1.595340901815756,-0.16145381724975394,0.8685529314580263,1.0327499692834432,-0.16419703782541695,40777072
train,Alexandria,245,path_loss,nlos,2.4663742085821765,2.73226332151728,-0.26588911293510353,1.556360333822598,1.8440155531436888,-0.28765521932109084,1561098
train,Alexandria,245,delay_spread,overall,15.66902629966275,16.563460220407684,-0.8944339207449339,3.830060664047389,3.6390071400699164,0.19105352397747266,49582060
train,Alexandria,245,delay_spread,los,15.928608004531048,16.983061181548315,-1.0544531770172672,4.399841434061585,4.2356071051551965,0.16423432890638878,40777072
train,Alexandria,245,delay_spread,nlos,14.406007273270978,14.462353578650873,-0.056346305379895156,1.1913301833119132,0.8760732155193414,0.31525696779257184,8804988
train,Alexandria,245,angular_spread,overall,9.873293070318724,11.88137942097892,-2.0080863506601965,3.389594183930803,3.5085993061645477,-0.11900512223374493,49582060
train,Alexandria,245,angular_spread,los,10.48186090051003,12.759703613038148,-2.277842712528118,3.947532426978902,4.137408215684189,-0.18987578870528754,40777072
train,Alexandria,245,angular_spread,nlos,6.333545120952434,6.398141329107894,-0.06459620815545986,0.8057079343773269,0.5965013379892644,0.2092065963880625,8804988
train,Antigua Guatemala,200,path_loss,overall,1.4002504445828707,1.4646573708429,-0.0644069262600293,0.8681377719203572,0.9530031442767158,-0.0848653723563586,39628768
train,Antigua Guatemala,200,path_loss,los,1.3978614055080643,1.4607717518763432,-0.06291034636827897,0.866740814074497,0.9504923269909908,-0.08375151291649385,39174853
train,Antigua Guatemala,200,path_loss,nlos,1.5929936166758227,1.768121125389424,-0.17512750871360128,0.9887008858267007,1.1696973103443133,-0.18099642451761266,453915
train,Antigua Guatemala,200,delay_spread,overall,2.971006456779296,3.107950257937654,-0.13694380115835791,0.8840754137146767,0.9405846911465229,-0.056509277431846194,43426215
train,Antigua Guatemala,200,delay_spread,los,3.0700344706574896,3.2168535417738764,-0.1468190711163868,0.9652512490362759,1.0327496713899602,-0.0674984223536843,39174853
train,Antigua Guatemala,200,delay_spread,nlos,1.8205419792719453,1.8199922646117428,0.0005497146602024827,0.13606769129946628,0.09131576203893912,0.04475192926052715,4251362
train,Antigua Guatemala,200,angular_spread,overall,6.532563708460386,7.906330910776005,-1.3737672023156193,1.6066852331999826,1.6689608683905437,-0.06227563519056112,43426215
train,Antigua Guatemala,200,angular_spread,los,6.786038221747414,8.247474801365447,-1.4614365796180335,1.7568548505173087,1.8305956954915805,-0.0737408449742718,39174853
train,Antigua Guatemala,200,angular_spread,nlos,3.400938191125177,3.4249359939546937,-0.02399780282951669,0.22292333047878077,0.17955112764206427,0.0433722028367165,4251362
train,Athens,375,path_loss,overall,1.8920087218457058,2.2248161964669073,-0.3328074746212015,1.0681528765942732,1.4082099869974476,-0.34005711040317443,36608726
train,Athens,375,path_loss,los,1.658136227688927,1.9734436080665796,-0.3153073803776525,0.9242715483884604,1.251591467134807,-0.3273199187463466,31317388
train,Athens,375,path_loss,nlos,2.9144144026936676,3.346024995107038,-0.4316105924133704,1.9197309725285754,2.335174573888451,-0.41544360135987546,5291338
train,Athens,375,delay_spread,overall,26.613716829507794,28.92357776172135,-2.3098609322135566,7.999748238631903,7.5451781060403,0.45457013259160295,59803655
train,Athens,375,delay_spread,los,30.40097407104087,33.97044978638411,-3.5694757153432377,12.888077234729295,12.605752014850644,0.28232521987865056,31317388
train,Athens,375,delay_spread,nlos,21.700239622190267,22.08185816056796,-0.381618538377694,2.625590453831229,1.9816568119765545,0.6439336418546744,28486267
train,Athens,375,angular_spread,overall,11.870148901251463,14.53766201425835,-2.667513113006887,5.138751561124274,5.315583181479198,-0.17683162035492384,59803655
train,Athens,375,angular_spread,los,14.747268023961995,18.680978795398143,-3.9337107714361483,8.616532905016596,9.304742324026591,-0.6882094190099952,31317388
train,Athens,375,angular_spread,nlos,7.53046275602305,7.747858448895117,-0.21739569287206706,1.315329281986393,0.9299596120374246,0.3853696699489685,28486267
train,Bangalore,400,path_loss,overall,2.0085709340824067,2.11995836853676,-0.11138743445435306,1.30605071951702,1.3609718931456076,-0.05492117362858773,44584847
train,Bangalore,400,path_loss,los,1.743975349271344,1.80948168780671,-0.06550633853536603,1.1771198322265566,1.1910152414877175,-0.013895409261160951,39141364
train,Bangalore,400,path_loss,nlos,3.342731821981605,3.642338514561299,-0.29960669257969386,2.2331282515474085,2.5830451908811125,-0.34991693933370405,5443483
train,Bangalore,400,delay_spread,overall,29.492192891138792,31.215287490035518,-1.7230945988967257,9.95094055991146,9.137425158316018,0.813515401595442,72570140
train,Bangalore,400,delay_spread,los,32.807608515718485,35.43851695425997,-2.630908438541482,15.855410458693205,14.913805738567879,0.9416047201253264,39141364
train,Bangalore,400,delay_spread,nlos,25.058786209126758,25.392828384481017,-0.3340421753542593,3.0374656225702936,2.3739285605401075,0.6635370620301861,33428776
train,Bangalore,400,angular_spread,overall,12.516747390933448,14.830083729745324,-2.313336338811876,5.741104003661739,5.595317594505596,0.14578640915614294,72570140
train,Bangalore,400,angular_spread,los,15.571409231018553,18.900932209256887,-3.3295229782383338,9.564648053230808,9.61068205403955,-0.04603400080874209,39141364
train,Bangalore,400,angular_spread,nlos,7.497129779115215,7.691046298525046,-0.19391651940983046,1.2641608552731953,0.8937742316250725,0.3703866236481228,33428776
train,Bangkok,300,path_loss,overall,2.105627252639094,2.359096323097942,-0.25346907045884803,1.234974409372149,1.5059686675085264,-0.27099425813637734,35105420
train,Bangkok,300,path_loss,los,1.7723122954243782,2.004121428535591,-0.23180913311121287,1.038488383540345,1.2893774223547385,-0.2508890388143936,30483889
train,Bangkok,300,path_loss,nlos,3.599940026132044,3.9725970058531677,-0.3726569797211239,2.5310076811066846,2.9346171967109047,-0.4036095156042201,4621531
train,Bangkok,300,delay_spread,overall,35.39799960278663,38.693232991374444,-3.2952333885878105,14.002705966439152,13.139512325916415,0.8631936405227361,58612110
train,Bangkok,300,delay_spread,los,39.85124167009866,44.93883744627286,-5.087595776174204,22.53321961344251,21.953623723282725,0.5795958901597835,30483889
train,Bangkok,300,delay_spread,nlos,29.83037426778047,30.513756659994407,-0.6833823922139359,4.75778341465367,3.587241258732121,1.1705421559215492,28128221
train,Bangkok,300,angular_spread,overall,12.626106467570374,15.153826754818242,-2.5277202872478686,6.2803546812466005,6.212761802082555,0.06759287916404588,58612110
train,Bangkok,300,angular_spread,los,15.580091259776369,19.270865358514992,-3.6907740987386237,10.419470577457249,10.825892637590774,-0.4064220601335258,30483889
train,Bangkok,300,angular_spread,nlos,8.313843233895675,8.720168265994465,-0.4063250320987901,1.7945982471564115,1.2132928040177113,0.5813054431387001,28128221
test,Barcelona,50,path_loss,overall,1.7416881610199357,2.0036889755137635,-0.2620008144938277,0.9344432026745677,1.2531851559046627,-0.318741953230095,6889779
test,Barcelona,50,path_loss,los,1.4720219359210962,1.734168974599649,-0.2621470386785527,0.7872502949839435,1.1004195220129616,-0.31316922702901806,6265198
test,Barcelona,50,path_loss,nlos,3.4244225057095545,3.7577010444184378,-0.33327853870888324,2.410941420421219,2.785583465922156,-0.37464204550093694,624581
test,Barcelona,50,delay_spread,overall,32.96503826770543,34.32706448687732,-1.362026219171888,12.120618535312332,10.90116827332443,1.2194502619879017,9564030
test,Barcelona,50,delay_spread,los,34.4889782963889,36.31874198883455,-1.8297636924456526,16.10261464713984,14.918639480872153,1.1839751662676878,6265198
test,Barcelona,50,delay_spread,nlos,29.857360889417475,30.184773171669303,-0.32741228225182795,4.557944132017404,3.2711182969991546,1.2868258350182495,3298832
test,Barcelona,50,angular_spread,overall,11.016416966802472,12.841618496725236,-1.8252015299227633,5.4809714757289925,5.0215821793191395,0.45938929640985293,9564030
test,Barcelona,50,angular_spread,los,12.203211378282369,14.616762640738452,-2.4135512624560835,7.424620992001171,7.060735215142043,0.36388577685912793,6265198
test,Barcelona,50,angular_spread,nlos,8.308120186505631,8.504964426296267,-0.1968442397906358,1.7895591429441262,1.1487878463762713,0.6407712965678549,3298832
train,Bath,35,path_loss,overall,1.4171385034478687,1.7785452025548094,-0.3614066991069407,0.7450620740226487,1.1380272795388304,-0.39296520551618175,6305793
train,Bath,35,path_loss,los,1.2912311111149675,1.6736608349535593,-0.38242972383859186,0.6859622324847932,1.0801915427726678,-0.39422931028787467,5929733
train,Bath,35,path_loss,nlos,2.7175807998126427,2.9786836634885794,-0.2611028636759367,1.6769512186048894,2.0499841907243366,-0.3730329721194472,376060
train,Bath,35,delay_spread,overall,36.82436175591127,40.16256284899101,-3.3382010930797392,14.484490427064726,14.311029169569924,0.173461257494802,7958015
train,Bath,35,delay_spread,los,40.329148114444735,44.3827365163481,-4.053588401903369,18.4027256054362,18.446530364172805,-0.04380475873660572,5929733
train,Bath,35,delay_spread,nlos,23.780101598087708,23.87320106675145,-0.09309946866374119,3.0294328675993123,2.220789031455665,0.8086438361436472,2028282
train,Bath,35,angular_spread,overall,12.99236689885973,15.801780509969324,-2.809413611109594,6.393178498736808,6.677257867147147,-0.2840793684103389,7958015
train,Bath,35,angular_spread,los,14.210447654273338,17.59591739189728,-3.385469737623943,8.012324827694602,8.564814999364222,-0.5524901716696196,5929733
train,Bath,35,angular_spread,nlos,8.481152507546787,8.632411896095553,-0.15125938854876608,1.6595641030635921,1.1589373623074768,0.5006267407561154,2028282
test,Beijing,200,path_loss,overall,1.5490964647950665,1.8530912711006229,-0.3039948063055564,0.8464406935499456,1.1876918181069753,-0.3412511245570298,32906846
test,Beijing,200,path_loss,los,1.4151124418475907,1.7163637868214057,-0.301251344973815,0.777466827240591,1.1136103366111394,-0.3361435093705484,30803073
test,Beijing,200,path_loss,nlos,2.8661467718866382,3.252657575959517,-0.38651080407287886,1.8563438358115758,2.272379771435807,-0.41603593562423136,2103773
test,Beijing,200,delay_spread,overall,23.284304572401105,24.140019130266776,-0.8557145578656709,8.730100523913226,6.980301692040967,1.7497988318722593,42575395
test,Beijing,200,delay_spread,los,24.20805641048846,25.296596269509326,-1.088539859020866,10.906629025190929,8.991181767095933,1.9154472580949964,30803073
test,Beijing,200,delay_spread,nlos,20.672857012843167,20.811832383814934,-0.13897537097176738,3.0350673979826346,1.718698773646747,1.3163686243358876,11772322
test,Beijing,200,angular_spread,overall,10.524790136239053,12.170049755555578,-1.6452596193165245,5.266278492725963,4.5318416033449305,0.7344368893810325,42575395
test,Beijing,200,angular_spread,los,11.67670699357253,13.700490361049958,-2.023783367477428,6.72482568465044,5.990801494312353,0.7340241903380873,30803073
test,Beijing,200,angular_spread,nlos,6.62226425298918,6.67169478938379,-0.0494305363946097,1.4498914609464857,0.7143748605506924,0.7355166003957933,11772322
train,Berlin,270,path_loss,overall,1.8970040644590769,2.2236372163322726,-0.32663315187319575,1.0362884803548045,1.4163610729637344,-0.3800725926089299,40213738
train,Berlin,270,path_loss,los,1.600641032620621,1.9026103399546024,-0.3019693073339813,0.8568246417637088,1.2233560740416751,-0.36653143227796636,35254980
train,Berlin,270,path_loss,nlos,3.3118397199309184,3.789755775315304,-0.47791605538438553,2.3122116059517435,2.788557028009807,-0.4763454220580634,4958758
train,Berlin,270,delay_spread,overall,35.40574154080072,37.808031858620936,-2.402290317820217,12.745564214774651,11.996005133768286,0.7495590810063657,56797095
train,Berlin,270,delay_spread,los,33.12937893523404,36.7690675083884,-3.6396885731543662,16.432638691993915,16.14063665159976,0.29200204039415567,35254980
train,Berlin,270,delay_spread,nlos,38.844402726654764,39.44936983191797,-0.6049671052632064,6.711442860808988,5.213064197148781,1.4983786636602074,21542115
train,Berlin,270,angular_spread,overall,12.19835736859242,14.95620676090939,-2.7578493923169702,6.231794249789656,6.366308381396971,-0.13451413160731462,56797095
train,Berlin,270,angular_spread,los,13.521208568929108,17.307929337931977,-3.7867207690028692,8.601722052010231,9.287081145693593,-0.6853590936833616,35254980
train,Berlin,270,angular_spread,nlos,9.649816293118837,9.975567442523882,-0.3257511494050451,2.3532635100635595,1.5862864322521826,0.7669770778113769,21542115
val,Bilbao,50,path_loss,overall,1.9990929659155434,2.3450207438617925,-0.34592777794624907,1.068734671893234,1.4786334703640114,-0.40989879847077737,6766216
val,Bilbao,50,path_loss,los,1.5943340080441715,1.936158109394589,-0.3418241013504175,0.8318067928652814,1.2403334542927498,-0.4085266614274684,5822416
val,Bilbao,50,path_loss,nlos,3.6012753787429315,4.0370333257787845,-0.435757947035853,2.530371351716983,2.9487350132112207,-0.41836366149423787,943800
val,Bilbao,50,delay_spread,overall,41.44827236739841,43.74091429184195,-2.2926419244435436,14.694786878581846,13.911980050214407,0.7828068283674394,9661570
val,Bilbao,50,delay_spread,los,40.572796004925834,44.00750859443498,-3.4347125895091466,19.23255693625507,18.818950421794405,0.413606514460664,5822416
val,Bilbao,50,delay_spread,nlos,42.741802939086426,43.33346911066849,-0.5916661715820624,7.812857773152626,6.47012645417204,1.3427313189805856,3839154
val,Bilbao,50,angular_spread,overall,12.971912362143703,15.685542301055655,-2.713629938911952,6.439860692930859,6.5622836014229575,-0.12242290849209869,9661570
val,Bilbao,50,angular_spread,los,14.635285240881432,18.43214591543469,-3.7968606745532565,9.066572550971538,9.74300965924197,-0.6764371082704326,5822416
val,Bilbao,50,angular_spread,nlos,9.931120823638883,10.194122709946333,-0.2630018863074497,2.4562205004572606,1.738431774486493,0.7177887259707676,3839154
train,Bratislava,25,path_loss,overall,2.142166035733864,2.4301631286559724,-0.2879970929221085,1.209699323827187,1.5843998329863551,-0.3747005091591682,3221144
train,Bratislava,25,path_loss,los,1.87426171230221,2.1618228512097155,-0.28756113890750545,1.0339335288862725,1.3944366488381474,-0.3605031199518749,2671165
train,Bratislava,25,path_loss,nlos,3.1328795766453874,3.4482422374161894,-0.315362660770802,2.0633673122792673,2.5070222272389464,-0.4436549149596791,549979
train,Bratislava,25,delay_spread,overall,31.811609222226473,33.58550586937928,-1.7738966471528101,9.5414422573663,8.821812050332674,0.7196302070336262,4989105
train,Bratislava,25,delay_spread,los,27.45105096800973,30.55327355847232,-3.1022225904625884,13.053631137420377,12.687614404669873,0.36601673275050395,2671165
train,Bratislava,25,delay_spread,nlos,36.19083277092285,36.77100322140407,-0.5801704504812193,5.494039703718034,4.36690957730247,1.1271301264155635,2317940
train,Bratislava,25,angular_spread,overall,12.932679269460602,15.766046192216805,-2.8333669227562037,6.316603159534626,6.424979668197001,-0.10837650866237514,4989105
train,Bratislava,25,angular_spread,los,15.459064625429464,19.637144546646034,-4.17807992121657,9.975534083442993,10.72375348162693,-0.748219398183938,2671165
train,Bratislava,25,angular_spread,nlos,9.197564235920163,9.520209740975762,-0.32264550505559875,2.100096973823232,1.471126812603319,0.628970161219913,2317940
train,Brugge,60,path_loss,overall,1.4537731423185465,1.809291141138426,-0.35551799881987955,0.7367184233788063,1.138782391782948,-0.4020639684041417,11062605
train,Brugge,60,path_loss,los,1.2464850151237867,1.6260712976039338,-0.37958628248014703,0.6431102508679891,1.051190787197107,-0.4080805363291178,10381755
train,Brugge,60,path_loss,nlos,3.2631837468330587,3.587641651552496,-0.32445790471943736,2.1640772015412684,2.4743990413500208,-0.3103218398087524,680850
train,Brugge,60,delay_spread,overall,24.641037223696863,25.792408191944347,-1.151370968247484,8.0073873083685,6.815824370090922,1.1915629382775785,13525960
train,Brugge,60,delay_spread,los,21.073232901793727,22.502937811215073,-1.4297049094213463,8.875317517666812,7.65455144626318,1.2207660714036317,10381755
train,Brugge,60,delay_spread,nlos,33.84840019846014,34.49352768334488,-0.645127484884739,5.141595099871306,4.046456575299878,1.0951385245714276,3144205
train,Brugge,60,angular_spread,overall,11.462504254087023,13.657659804590642,-2.1951555505036193,5.337113874738374,5.057935664490265,0.2791782102481086,13525960
train,Brugge,60,angular_spread,los,12.087309479767473,14.705346233327072,-2.6180367535595988,6.352429040854003,6.176142725868603,0.1762863149853997,10381755
train,Brugge,60,angular_spread,nlos,9.099732409526606,9.402917105418721,-0.3031846958921154,1.9846753670427983,1.365761749326918,0.6189136177158803,3144205
train,Buenos Aires,480,path_loss,overall,2.256573783170365,2.4186429961301545,-0.1620692129597896,1.485966047691031,1.5936207242410996,-0.10765467655006855,47223308
train,Buenos Aires,480,path_loss,los,1.938140152518271,2.0198188047009773,-0.0816786521827062,1.3169702109507517,1.3511411099234603,-0.03417089897270853,38658177
train,Buenos Aires,480,path_loss,nlos,3.334800462111699,3.7201298222460437,-0.3853293601343446,2.2487181282914546,2.688037078827247,-0.4393189505357924,8565131
train,Buenos Aires,480,delay_spread,overall,38.764091487760226,42.09706938480747,-3.3329778970472432,13.569731526871706,13.394550531330493,0.17518099554121314,88180345
train,Buenos Aires,480,delay_spread,los,49.167359451687396,54.769918038357794,-5.602558586670398,26.460861267876815,27.013909863837977,-0.5530485959611617,38658177
train,Buenos Aires,480,delay_spread,nlos,28.08131393179597,28.528664842740895,-0.4473509109449232,3.5066103580777885,2.7629561653068646,0.7436541927709239,49522168
train,Buenos Aires,480,angular_spread,overall,13.173437956332943,15.846531486602066,-2.6730935302691226,5.990953653296235,6.198176796281414,-0.2072231429851792,88180345
train,Buenos Aires,480,angular_spread,los,17.747708118324347,22.062835213196816,-4.315127094872469,11.845906617237393,12.834670616696455,-0.9887639994590618,38658177
train,Buenos Aires,480,angular_spread,nlos,7.94523422935032,8.194742232192418,-0.24950800284209773,1.4204387443140247,1.0175726424338858,0.40286610188013894,49522168
train,Canberra,330,path_loss,overall,1.3690438218323633,1.7566452315773582,-0.3876014097449949,0.6956405697288792,1.1241096313164043,-0.42846906158752507,61707180
train,Canberra,330,path_loss,los,1.247915931426484,1.6665855994867549,-0.41866966806027084,0.63629630863933,1.0754185115637713,-0.4391222029244414,57902563
train,Canberra,330,path_loss,nlos,2.588148264505761,2.7888618742424036,-0.20071360973664243,1.5988023877052837,1.8651410243827533,-0.2663386366774696,3804617
train,Canberra,330,delay_spread,overall,13.56834899786378,14.235851936394791,-0.6675029385310118,3.63040447815776,3.1306492264877965,0.4997552516699635,74607905
train,Canberra,330,delay_spread,los,11.168155038307955,12.057734153107967,-0.8895791148000125,3.855234233111581,3.433977330346111,0.42125690276547,57902563
train,Canberra,330,delay_spread,nlos,19.745668399004735,20.029115049714886,-0.2834466507101503,2.8511197122382654,2.079280493132301,0.7718392191059644,16705342
train,Canberra,330,angular_spread,overall,10.58539513106318,13.048414142468753,-2.4630190114055726,4.17525911342982,4.257603670231057,-0.08234455680123709,74607905
train,Canberra,330,angular_spread,los,10.985427754586198,13.949567033190355,-2.964139278604158,4.8602548247060104,5.110004664822112,-0.24974984011610157,57902563
train,Canberra,330,angular_spread,nlos,9.063189638670584,9.270007192231594,-0.2068175535610095,1.8009882401631783,1.3030876092033663,0.49790063095981196,16705342
test,Carcassonne,110,path_loss,overall,1.3364911197055562,1.720314832384353,-0.38382371267879667,0.7306480688021968,1.1177971704210377,-0.38714910161884086,20534199
test,Carcassonne,110,path_loss,los,1.2891888737807498,1.6829226809414048,-0.3937338071606551,0.7066827098158455,1.0945942010337382,-0.3879114912178927,19625472
test,Carcassonne,110,path_loss,nlos,2.1138888814975236,2.3890904485415305,-0.2752015670440069,1.2482198360514944,1.6189041224590754,-0.370684286407581,908727
test,Carcassonne,110,delay_spread,overall,7.95357374515616,8.347965183035054,-0.39439143787889375,1.9745551357249518,1.7740513000231257,0.20050383570182606,24453315
test,Carcassonne,110,delay_spread,los,7.313806895740316,7.818099212822273,-0.5042923170819567,2.167508397616501,2.0162135340139846,0.1512948636025162,19625472
test,Carcassonne,110,delay_spread,nlos,10.147170420538409,10.222974290071168,-0.0758038695327592,1.190188507739462,0.7896473381940204,0.4005411695454416,4827843
test,Carcassonne,110,angular_spread,overall,9.616515980368353,12.038171628824337,-2.4216556484559835,3.4314204467587013,3.587870991047124,-0.15645054428842275,24453315
test,Carcassonne,110,angular_spread,los,10.108349523217742,12.926343099370202,-2.8179935761524604,4.001918759584483,4.274120515220921,-0.2722017556364378,19625472
test,Carcassonne,110,angular_spread,nlos,7.282911947781507,7.4016168438376555,-0.11870489605614853,1.1123103738370221,0.7982253572319581,0.31408501660506405,4827843
train,Chefchaouen,25,path_loss,overall,0.9925157477950938,1.394961274229875,-0.40244552643478115,0.4962429675955636,0.8992087719150308,-0.4029658043194672,5751589
train,Chefchaouen,25,path_loss,los,0.9240252017852144,1.3453115065274543,-0.42128630474223994,0.47084963716388994,0.8785242430857311,-0.4076746059218411,5643836
train,Chefchaouen,25,path_loss,nlos,2.803644226874181,3.011990367504509,-0.20834614063032797,1.8262830834812984,1.982613275779363,-0.15633019229806466,107753
train,Chefchaouen,25,delay_spread,overall,18.693643921386467,19.917895188278965,-1.224251266892498,6.112952999190637,4.510330990255456,1.6026220089351808,6214760
train,Chefchaouen,25,delay_spread,los,18.345999774627522,19.69436980543594,-1.348370030808418,6.459867646424347,4.765109200827681,1.6947584455966656,5643836
train,Chefchaouen,25,delay_spread,nlos,21.834455219858498,22.005718543807255,-0.17126332394875732,2.68354972549028,1.9917358230050652,0.6918139024852148,570924
train,Chefchaouen,25,angular_spread,overall,8.945233386693197,10.678217684554335,-1.7329842978611385,3.5756318928647284,3.0334416800689006,0.5421902127958278,6214760
train,Chefchaouen,25,angular_spread,los,9.090851494262102,10.947296853100154,-1.8564453588380516,3.8076314432351506,3.2483974732012943,0.5592339700338562,5643836
train,Chefchaouen,25,angular_spread,nlos,7.352161526392249,7.516727149706867,-0.16456562331461821,1.2822135125710696,0.9085095873292854,0.3737039252417842,570924
val,Chiang Mai,95,path_loss,overall,2.0501499569202917,2.388688722337203,-0.3385387654169114,1.174470373474118,1.4954760693857756,-0.3210056959116576,13570512
val,Chiang Mai,95,path_loss,los,1.678135738254357,1.9649110286921456,-0.2867752904377887,0.9713675462614318,1.2684890222849552,-0.29712147602352335,11837493
val,Chiang Mai,95,path_loss,nlos,3.698234003590734,4.278777387878421,-0.5805433842876866,2.561776695472882,3.0459250968568075,-0.48414840138392545,1733019
val,Chiang Mai,95,delay_spread,overall,38.622967760862174,41.12334251037716,-2.5003747495149824,14.542585170986058,13.902180483461285,0.6404046875247733,19552910
val,Chiang Mai,95,delay_spread,los,39.707770189036694,43.27458665791294,-3.5668164688762474,19.676700505097447,19.496767318574125,0.17993318652332135,11837493
val,Chiang Mai,95,delay_spread,nlos,36.8966390622872,37.584135589954656,-0.6874965276674558,6.665492684300047,5.318602702263759,1.3468899820362878,7715417
val,Chiang Mai,95,angular_spread,overall,13.590316361417074,16.47495069544456,-2.884634334027485,7.002392896696707,7.278836005101031,-0.2764431084043242,19552910
val,Chiang Mai,95,angular_spread,los,15.562394823259362,19.516447154237284,-3.9540523309779214,10.039775765337305,10.933235781533302,-0.8934600161959967,11837493
val,Chiang Mai,95,angular_spread,nlos,9.822912637243423,10.172095967384648,-0.3491833301412246,2.3422432577335144,1.672018749650988,0.6702245080825264,7715417
val,Cleveland,150,path_loss,overall,1.5923817682732593,1.9482958000396258,-0.3559140317663665,0.841180066189446,1.2532140049705938,-0.4120339387811478,26310539
val,Cleveland,150,path_loss,los,1.4193362540784824,1.8049625179832958,-0.38562626390481336,0.7533355567634886,1.1729747211255148,-0.4196391643620262,23957821
val,Cleveland,150,path_loss,nlos,2.8004850493214004,3.045323295107776,-0.2448382457863758,1.7357041676561393,2.0702938368381596,-0.33458966918202027,2352718
val,Cleveland,150,delay_spread,overall,19.722288465568493,20.593390506150488,-0.8711020405819951,6.04489344002957,5.238621521753716,0.8062719182758542,33050330
val,Cleveland,150,delay_spread,los,17.451617777857138,18.613134137463497,-1.1615163596063596,6.852861866590455,6.126936510106658,0.7259253564837973,23957821
val,Cleveland,150,delay_spread,nlos,24.72608906369752,25.073060605306704,-0.34697154160918586,3.915980381811637,2.898003658767633,1.0179767230440042,9092509
val,Cleveland,150,angular_spread,overall,12.093049440225096,14.658717047185066,-2.5656676069599698,5.5350639967607735,5.564779563093621,-0.029715566332847665,33050330
val,Cleveland,150,angular_spread,los,12.552466010130265,15.814068194689746,-3.2616021845594805,6.755180031423768,7.039220498704786,-0.2840404672810184,23957821
val,Cleveland,150,angular_spread,nlos,10.789257375322908,11.050420334094206,-0.2611629587712976,2.320184253319801,1.6797802521279195,0.6404040011918815,9092509
test,Copenhagen,220,path_loss,overall,1.7814115362058918,2.0522032418339915,-0.27079170562809973,1.0389439596526784,1.3259303135707008,-0.2869863539180224,33452679
test,Copenhagen,220,path_loss,los,1.6117138516443037,1.8818067871244955,-0.27009293548019175,0.9505306196534581,1.22811693031683,-0.2775863106633719,30356070
test,Copenhagen,220,path_loss,nlos,2.9695202898752844,3.2837321722672073,-0.3142118823919229,1.9056602173495498,2.2847952374008678,-0.37913502005131794,3096609
test,Copenhagen,220,delay_spread,overall,27.261122629961555,29.340447620877782,-2.079324990916227,8.247882165474183,7.796745189442291,0.45113697603189173,45461140
test,Copenhagen,220,delay_spread,los,26.36515060730268,29.306337571164047,-2.941186963861366,10.368624390854942,10.17192547770306,0.1966989131518826,30356070
test,Copenhagen,220,delay_spread,nlos,28.97806569641865,29.408876864729574,-0.4308111683109246,3.985909236783397,3.023438154398797,0.9624710823845999,15105070
test,Copenhagen,220,angular_spread,overall,11.913553019881371,14.54393592074424,-2.630382900862868,5.369336880011698,5.439240154304039,-0.06990327429234089,45461140
test,Copenhagen,220,angular_spread,los,13.348361262710332,16.738981627939385,-3.3906203652290525,7.19613798538686,7.584122171524303,-0.3879841861374427,30356070
test,Copenhagen,220,angular_spread,nlos,8.31207375577531,8.574835710412595,-0.26276195463728413,1.6980859662258971,1.1287545152000706,0.5693314510258265,15105070
train,Dalian,105,path_loss,overall,2.1160917873425293,2.3968531830280617,-0.2807613956855324,1.1892810093416724,1.5510207106080696,-0.3617397012663972,15759116
train,Dalian,105,path_loss,los,1.7824244484467338,2.059111628907509,-0.2766871804607751,0.9539974437430612,1.313031342303483,-0.3590338985604218,13158699
train,Dalian,105,path_loss,nlos,3.32569167762287,3.6551834936599628,-0.32949181603709254,2.3798691020712375,2.7553008159026455,-0.37543171383140805,2600417
train,Dalian,105,delay_spread,overall,33.40816244678681,35.285618910513456,-1.877456463726645,11.564880075015386,10.6924939590284,0.8723861159869859,22632690
train,Dalian,105,delay_spread,los,29.905346291987076,32.91488693980581,-3.009540647818735,14.86625049864827,14.411943982835993,0.4543065158122772,13158699
train,Dalian,105,delay_spread,nlos,37.73772391270449,38.33593591494085,-0.5982120022363588,6.979511611592934,5.526442849248633,1.4530687623443015,9473991
train,Dalian,105,angular_spread,overall,13.600760112986931,16.4815098331742,-2.8807497201872696,6.676052384708799,6.910842278221237,-0.2347898935124375,22632690
train,Dalian,105,angular_spread,los,15.375993248096359,19.479227676513208,-4.103234428416849,9.586103293366046,10.522382539014686,-0.93627924564864,13158699
train,Dalian,105,angular_spread,nlos,10.655209672863663,11.041442111863697,-0.38623243900003423,2.6341989479665053,1.8946699616918639,0.7395289862746415,9473991
val,Dhaka,225,path_loss,overall,1.803237555125919,2.0157134934666896,-0.2124759383407706,1.0454670894882419,1.25759550407843,-0.21212841459018805,30430413
val,Dhaka,225,path_loss,los,1.5822485822825274,1.760259115857593,-0.1780105335750657,0.9279808200255801,1.1250178676437446,-0.19703704761816443,27889052
val,Dhaka,225,path_loss,nlos,3.3855525232807238,3.827343347660005,-0.4417908243792814,2.3347686449752856,2.712510810715945,-0.37774216574065944,2541361
val,Dhaka,225,delay_spread,overall,36.05854610432309,39.315618548693564,-3.257072444370472,14.14364447112618,13.414107733828805,0.7295367372973747,42065210
val,Dhaka,225,delay_spread,los,37.26995629257883,41.62897090759227,-4.359014615013436,18.755530224052677,18.183299478022175,0.5722307460305025,27889052
val,Dhaka,225,delay_spread,nlos,33.54787378603626,34.31224827865312,-0.7643744926168594,5.070585234019529,4.031577243501926,1.0390079905176037,14176158
val,Dhaka,225,angular_spread,overall,12.031051459714668,14.61311774405341,-2.582066284338742,6.0031094687987485,5.9428708504985845,0.06023861830016397,42065210
val,Dhaka,225,angular_spread,los,13.566057790482983,16.89445090856727,-3.3283931180842856,8.164138999123638,8.367937221099957,-0.20379822197631903,27889052
val,Dhaka,225,angular_spread,nlos,8.212598072224171,8.493152230242895,-0.28055415801872385,1.751670898111175,1.1719870943636823,0.5796838037474927,14176158
val,Dubrovnik,90,path_loss,overall,1.232148093607223,1.5892578616193105,-0.3571097680120874,0.6098127884544856,1.0010633193480665,-0.39125053089358086,18514186
val,Dubrovnik,90,path_loss,los,1.0836201867176385,1.4692054902229328,-0.3855853035052943,0.5468830280304268,0.9420219847740665,-0.39513895674363975,17779501
val,Dubrovnik,90,path_loss,nlos,3.1371942591001005,3.3780846536931417,-0.24089039459304118,2.132723819006758,2.4298736092601914,-0.29714979025343347,734685
val,Dubrovnik,90,delay_spread,overall,23.429008581424984,24.44899468675203,-1.019986105327046,8.044939818784258,6.592427714214381,1.4525121045698768,21678925
val,Dubrovnik,90,delay_spread,los,24.278204388779542,25.44995837244871,-1.1717539836691664,9.214670818447042,7.607840686955303,1.6068301314917388,17779501
val,Dubrovnik,90,delay_spread,nlos,19.08401620930734,19.23587391292322,-0.1518577036158817,2.7115285721981444,1.9626324103480295,0.7488961618501149,3899424
val,Dubrovnik,90,angular_spread,overall,10.1895420095364,11.9326307774866,-1.7430887679501996,4.4591513640263525,4.006792668816027,0.4523586952103251,21678925
val,Dubrovnik,90,angular_spread,los,10.636016799696794,12.634789200194895,-1.9987724004981011,5.118033826655906,4.658635960083329,0.4593978665725773,17779501
val,Dubrovnik,90,angular_spread,nlos,7.837854435081349,7.983417358490913,-0.1455629234095639,1.454963836458853,1.0347003424563932,0.4202634940024599,3899424
val,Fortaleza,345,path_loss,overall,1.5588136435635325,1.7567475556675565,-0.197933912104024,0.9894923828295138,1.1685174902040554,-0.17902510737454158,48260596
val,Fortaleza,345,path_loss,los,1.5078052331562428,1.7030940462419086,-0.1952888130856658,0.9686687470332039,1.139303012265917,-0.17063426523271297,45002251
val,Fortaleza,345,path_loss,nlos,2.142503892349872,2.3769740363432375,-0.23447014399336563,1.277095539177446,1.572009824976997,-0.29491428579955103,3258345
val,Fortaleza,345,delay_spread,overall,11.651052759061601,12.169451880039366,-0.5183991209777652,2.865669833893781,2.509451857267064,0.3562179766267173,62703590
val,Fortaleza,345,delay_spread,los,11.58521986650799,12.275887961442358,-0.6906680949343684,3.56405086131136,3.1923266035278437,0.37172425778351625,45002251
val,Fortaleza,345,delay_spread,nlos,11.816768930918018,11.894570339099557,-0.07780140818153924,1.0901703805506946,0.77337408712468,0.31679629342601456,17701339
val,Fortaleza,345,angular_spread,overall,10.941041704986931,13.456726538988564,-2.5156848340016325,4.022925104067755,4.168186164410602,-0.1452610603428468,62703590
val,Fortaleza,345,angular_spread,los,12.25283944774546,15.3357909753514,-3.0829515276059407,5.267062804944121,5.562546788393048,-0.2954839834489267,45002251
val,Fortaleza,345,angular_spread,nlos,6.508068060240248,6.598259180180021,-0.09019111993977269,0.8599442007969004,0.6232923234413043,0.23665187735559612,17701339
test,Halifax,250,path_loss,overall,1.3107839589389234,1.636867260545733,-0.32608330160680965,0.7319054214652709,1.0424476547937633,-0.3105422333284924,53192550
test,Halifax,250,path_loss,los,1.2367898439360208,1.5703928663744786,-0.33360302243845785,0.706072316864491,1.0139439115477429,-0.30787159468325187,51837230
test,Halifax,250,path_loss,nlos,2.987970206824397,3.291453932561142,-0.30348372573674487,1.7199498946849034,2.1326368293180145,-0.412686934633111,1355320
test,Halifax,250,delay_spread,overall,19.729311822764295,20.689017196469095,-0.9597053737048,4.70762485828332,4.3705275946901905,0.3370972635931295,59438575
test,Halifax,250,delay_spread,los,18.6557257440085,19.75095735837157,-1.095231614363069,5.000003952878076,4.688185720656273,0.31181823222180327,51837230
test,Halifax,250,delay_spread,nlos,25.88965327212278,26.205595624777068,-0.3159423526542895,2.7137513229074273,2.204263526814538,0.5094877960928894,7601345
test,Halifax,250,angular_spread,overall,9.532325926928658,11.795376447391272,-2.2630505204626132,3.616331466487935,3.6696335657756767,-0.053302099287741544,59438575
test,Halifax,250,angular_spread,los,9.846840265954258,12.327126190504844,-2.4802859245505857,3.9811385533063666,4.086252975555045,-0.10511442224867817,51837230
test,Halifax,250,angular_spread,nlos,7.021419229385956,7.187245697967316,-0.16582646858135952,1.1285363342221564,0.8285052698025281,0.30003106441962824,7601345
train,Hanoi,435,path_loss,overall,1.6647327255471271,1.9431082860021858,-0.2783755604550586,0.9214639172759127,1.21841980001272,-0.2969558827368073,64461231
train,Hanoi,435,path_loss,los,1.4154776287009307,1.709306934436102,-0.2938293057351713,0.800422610793129,1.0967453423195646,-0.2963227315264355,59440684
train,Hanoi,435,path_loss,nlos,3.4440085286031503,3.7263754366395743,-0.28236690803642395,2.354530476698253,2.658982469570589,-0.30445199287233615,5020547
train,Hanoi,435,delay_spread,overall,32.16058744119628,34.00493174879897,-1.8443443076026895,11.005940809588107,10.107963641925219,0.8979771676628889,89231270
train,Hanoi,435,delay_spread,los,34.757304969071825,37.16570553069802,-2.4084005616261948,14.752690822009741,13.839863646739095,0.912827175270646,59440684
train,Hanoi,435,delay_spread,nlos,26.221919824609756,26.598640193531626,-0.37672036892186966,3.5301097401889336,2.6617626641789984,0.8683470760099352,29790586
train,Hanoi,435,angular_spread,overall,11.317261438587307,13.391917564481147,-2.0746561258938403,5.113226796958342,4.923409822513558,0.18981697444478396,89231270
train,Hanoi,435,angular_spread,los,12.88980535922808,15.548049534711435,-2.6582441754833557,6.998224773264617,6.9381697256903205,0.060055047574296694,59440684
train,Hanoi,435,angular_spread,nlos,7.219873269290643,7.405466940897903,-0.18559367160726037,1.3521202587235497,0.9033913889667006,0.4487288697568491,29790586
train,Ho Chi Minh City,570,path_loss,overall,2.071498633520681,2.1511043011114785,-0.07960566759079768,1.3488293095192911,1.3708462091890434,-0.022016899669752288,62776323
train,Ho Chi Minh City,570,path_loss,los,1.7840350699975829,1.7658326349126585,0.018202435084924362,1.1960546829152225,1.1664594914987163,0.02959519141650624,55863258
train,Ho Chi Minh City,570,path_loss,nlos,3.6396825274574547,4.10145068810272,-0.4617681606452657,2.5833740913410113,3.022459190148905,-0.4390850988078938,6913065
train,Ho Chi Minh City,570,delay_spread,overall,37.68412713481877,40.4343738287029,-2.7502466938841295,13.919964383354525,13.196866621790669,0.7230977615638565,100148190
train,Ho Chi Minh City,570,delay_spread,los,42.88214585164408,46.86045849770422,-3.9783126460601395,21.56407955911376,21.11905625728518,0.44502330182858074,55863258
train,Ho Chi Minh City,570,delay_spread,nlos,29.863301982848647,30.45176794957773,-0.5884659667290819,4.277290189928145,3.2034150510428803,1.0738751388852648,44284932
train,Ho Chi Minh City,570,angular_spread,overall,11.980374754783533,14.420687277017958,-2.440312522234425,5.599417912702588,5.591007080065083,0.008410832637505194,100148190
train,Ho Chi Minh City,570,angular_spread,los,14.523653894780248,17.95487658090949,-3.431222686129244,8.82283903022781,9.215575533606431,-0.39273650337862165,55863258
train,Ho Chi Minh City,570,angular_spread,nlos,7.64843725627254,7.976171047139353,-0.3277337908668132,1.533231134155643,1.0187926643591427,0.5144384697965003,44284932
train,Hyderabad,270,path_loss,overall,2.0657578649882837,2.275940051682446,-0.21018218669416244,1.3025519915041728,1.483298689993068,-0.18074669848889524,25305178
train,Hyderabad,270,path_loss,los,1.766378082701799,1.947521904389417,-0.181143821687618,1.1408122164691614,1.2950064550155187,-0.15419423854635728,21489688
train,Hyderabad,270,path_loss,nlos,3.2755154898927565,3.6044614314490278,-0.3289459415562712,2.2135063576402554,2.5438023797229405,-0.33029602208268516,3815490
train,Hyderabad,270,delay_spread,overall,29.52395240513704,31.515056367507373,-1.9911039623703317,8.859222938751401,8.351887821051385,0.5073351177000163,43425030
train,Hyderabad,270,delay_spread,los,31.80202845464016,35.116858375965435,-3.314829921325277,14.413739219656163,14.075378912550986,0.3383603071051766,21489688
train,Hyderabad,270,delay_spread,nlos,27.107136639888306,27.53324692753009,-0.4261102876417837,3.4175563051576683,2.7446791841261615,0.6728771210315068,21935342
train,Hyderabad,270,angular_spread,overall,13.010618359297558,15.54444642441588,-2.533828065118323,5.60689820498226,5.699344075423008,-0.09244587044074848,43425030
train,Hyderabad,270,angular_spread,los,16.727166046816084,20.56250643329063,-3.8353403864745452,9.994313741382193,10.530027284713508,-0.5357135433313154,21489688
train,Hyderabad,270,angular_spread,nlos,7.810232813968184,8.00775138863974,-0.1975185746715562,1.3086205563778759,0.966804519138015,0.34181603723986087,21935342
test,Jaipur,120,path_loss,overall,2.040128609221996,2.237117358966075,-0.19698874974407898,1.2539238439199654,1.4406053079207455,-0.18668146400078012,12262981
test,Jaipur,120,path_loss,los,1.7986570426241884,1.9800264117321795,-0.18136936910799117,1.118877524639418,1.282443007405821,-0.16356548276640304,10599289
test,Jaipur,120,path_loss,nlos,3.172967067488446,3.451377223125887,-0.2784101556374412,2.114296425850702,2.4482484566114735,-0.3339520307607713,1663692
test,Jaipur,120,delay_spread,overall,21.552147655003473,22.662886080295426,-1.1107384252919523,5.985968560284735,5.221321345597393,0.7646472146873418,20614775
test,Jaipur,120,delay_spread,los,22.309283254338226,24.14271655466367,-1.8334333003254457,9.113570014946875,8.362967660643323,0.7506023543035525,10599289
test,Jaipur,120,delay_spread,nlos,20.72076904318835,20.983436846029154,-0.26266780284080227,2.6760591386021053,1.8965484079522177,0.7795107306498876,10015486
test,Jaipur,120,angular_spread,overall,11.848809255649826,14.219069417253374,-2.3702601616035484,4.812592216929363,4.825752700429668,-0.013160483500304743,20614775
test,Jaipur,120,angular_spread,los,14.751313127448988,18.3078890849818,-3.556575957532811,8.12176936024907,8.538020835937674,-0.416251475688604,10599289
test,Jaipur,120,angular_spread,nlos,7.660739419086637,7.837900003980531,-0.17716058489389397,1.3105230444299745,0.8970963503239593,0.4134266941060152,10015486
test,Johannesburg,245,path_loss,overall,1.7784178098009729,1.8964457994698076,-0.11802798966883477,1.1427853567796291,1.2446017975342238,-0.10181644075459473,36602349
test,Johannesburg,245,path_loss,los,1.6429309225508542,1.736017935777112,-0.09308701322625779,1.0768564682056765,1.1553676488629503,-0.0785111806572738,33542379
test,Johannesburg,245,path_loss,nlos,2.871241621254368,3.1598103901867534,-0.2885687689323855,1.8654760652563676,2.2227570213897536,-0.35728095613338606,3059970
test,Johannesburg,245,delay_spread,overall,20.901918882925294,22.386510404914418,-1.484591521989124,6.553958461879457,5.8929715058128975,0.6609869560665596,49431025
test,Johannesburg,245,delay_spread,los,20.820599479257375,22.83609660412017,-2.0154971248627938,8.271739581012575,7.7185550847295294,0.5531844962830457,33542379
test,Johannesburg,245,delay_spread,nlos,21.072561311397028,21.406407044675497,-0.3338457332784692,2.9275661059766898,2.038998410684139,0.8885676952925508,15888646
test,Johannesburg,245,angular_spread,overall,12.030679255057278,14.41380510509934,-2.383125850042063,5.221168121407083,5.202449514672133,0.018718606734950072,49431025
test,Johannesburg,245,angular_spread,los,13.628437903578773,16.655531315122158,-3.027093411543385,7.017959413001087,7.2258928846400545,-0.20793347163896758,33542379
test,Johannesburg,245,angular_spread,nlos,7.628150511453602,7.792464895346263,-0.16431438389266084,1.427978057140694,0.9307763530393257,0.4972017041013682,15888646
test,Key West,105,path_loss,overall,1.380431507981415,1.7508918262220667,-0.37046031824065184,0.6782985936739625,1.1121870283207052,-0.43388843464674265,19614095
test,Key West,105,path_loss,los,1.2056007790975563,1.5921048154976334,-0.38650403640007713,0.5907647229738667,1.0249905183428027,-0.434225795368936,18258115
test,Key West,105,path_loss,nlos,2.8272436910103047,3.195796059974158,-0.36855236896385346,1.8569321898306772,2.286278062830365,-0.42934587299968796,1355980
test,Key West,105,delay_spread,overall,19.949541823392313,20.865796278165462,-0.9162544547731493,7.417301157029907,6.204435252110247,1.2128659049196608,24077165
test,Key West,105,delay_spread,los,20.145906644223118,21.261772225069382,-1.1158655808462647,8.822591419880283,7.527297272165007,1.2952941477152757,18258115
test,Key West,105,delay_spread,nlos,19.320467977533923,19.57142841374141,-0.2509604362074853,3.007998938242389,2.053763549600745,0.9542353886416439,5819050
test,Key West,105,angular_spread,overall,10.41628139617441,12.306061366037458,-1.8897799698630475,4.703814535928026,4.427763928822704,0.27605060710532214,24077165
test,Key West,105,angular_spread,los,10.672287851708205,13.004820211836433,-2.332532360128228,5.581430230432811,5.393750436663711,0.1876797937690995,18258115
test,Key West,105,angular_spread,nlos,9.568666149401139,9.795208888111423,-0.2265427387102843,1.9501677332262786,1.3968407731854309,0.5533269600408477,5819050
train,Kinshasa,585,path_loss,overall,1.2912731795165298,1.702205599559125,-0.4109324200425952,0.7666119845270839,1.1378443456261687,-0.37123236109908475,93556637
train,Kinshasa,585,path_loss,los,1.257293500653541,1.680840182133991,-0.4235466814804498,0.7513069291407347,1.1269570399465318,-0.37565011080579713,89543149
train,Kinshasa,585,path_loss,nlos,1.8972265879908345,2.1237031370430204,-0.22647654905218584,1.108076313924771,1.3807462622545716,-0.27266994832980074,4013488
train,Kinshasa,585,delay_spread,overall,7.169574732942585,7.569835189650553,-0.4002604567079686,1.6660261765902298,1.715439809541141,-0.04941363295091117,115473560
train,Kinshasa,585,delay_spread,los,7.0891864321744285,7.594459871781314,-0.5052734396068859,1.9978570744615956,2.0985468450313824,-0.1006897705697869,89543149
train,Kinshasa,585,delay_spread,nlos,7.44049734428392,7.484177754690002,-0.04368041040608173,0.5201444593179387,0.3924908125921207,0.12765364672581803,25930411
train,Kinshasa,585,angular_spread,overall,10.766928201395595,13.073517701213065,-2.30658949981747,3.675608886328374,3.8569509596622567,-0.18134207333388286,115473560
train,Kinshasa,585,angular_spread,los,11.877750105223303,14.553858320000852,-2.6761082147775497,4.579927066962021,4.846386740962362,-0.2664596740003411,89543149
train,Kinshasa,585,angular_spread,nlos,5.39110337184236,5.448645888219523,-0.05754251637716301,0.552808515657936,0.4402217083694682,0.11258680728846776,25930411
test,Kuala Lumpur,360,path_loss,overall,2.0459480999143014,2.3594006157739322,-0.31345251585963085,1.1524122487097792,1.4858583552937386,-0.33344610658395935,51498746
test,Kuala Lumpur,360,path_loss,los,1.648856190056792,1.9371513334637764,-0.2882951434069845,0.9229073000973517,1.245089998748474,-0.32218269865112237,44759362
test,Kuala Lumpur,360,path_loss,nlos,3.732305324005313,4.197120156822795,-0.4648148328174817,2.6766605728215453,3.0849121710469722,-0.4082515982254269,6739384
test,Kuala Lumpur,360,delay_spread,overall,44.00281622772278,46.92537233205017,-2.9225561043273913,17.00663108274949,16.234928688126622,0.7717023946228672,71927845
test,Kuala Lumpur,360,delay_spread,los,42.69570679073707,46.98242762883682,-4.286720838099747,22.12316897698687,21.808728646010692,0.3144403309761792,44759362
test,Kuala Lumpur,360,delay_spread,nlos,46.0754480297456,46.831222356534745,-0.7557743267891439,8.577269431028222,7.0522397706855235,1.5250296603426987,27168483
test,Kuala Lumpur,360,angular_spread,overall,13.24990983789473,16.029209867795597,-2.7793000299008668,6.906159271597981,7.0368646049905985,-0.13070533339261736,71927845
test,Kuala Lumpur,360,angular_spread,los,14.829728402012753,18.603897614053476,-3.7741692120407233,9.545454178530292,10.219418402414338,-0.6739642238840453,44759362
test,Kuala Lumpur,360,angular_spread,nlos,10.123090740328841,10.489578836641428,-0.3664880963125867,2.5579902669778622,1.7936907556931179,0.7642995112847444,27168483
train,Leuven,60,path_loss,overall,1.5859826954595984,1.9399109471885811,-0.3539282517289828,0.8154122428949216,1.2273893771328683,-0.4119771342379467,9518579
train,Leuven,60,path_loss,los,1.365746638548702,1.7292620455530172,-0.36351540700431517,0.6999519536178685,1.1107573084629492,-0.41080535484508063,8676089
train,Leuven,60,path_loss,nlos,3.0347874244194464,3.423853174457577,-0.3890657500381307,2.004439727106194,2.428483791075344,-0.42404406396914984,842490
train,Leuven,60,delay_spread,overall,32.848562603608954,35.378592481287136,-2.5300298776781815,10.847170558931746,10.399583315199342,0.44758724373240355,12752295
train,Leuven,60,delay_spread,los,34.775995396958685,38.116218630008945,-3.34022323305026,13.946671727786851,13.82325221202059,0.12341951576626187,8676089
train,Leuven,60,delay_spread,nlos,28.31252786317888,28.69483278623592,-0.3823049230570419,4.2499703332066945,3.1123998432647775,1.137570489941917,4076206
train,Leuven,60,angular_spread,overall,12.987273930902623,15.48092831935529,-2.4936543884526667,5.76751387936446,5.93180903172723,-0.16429515236277048,12752295
train,Leuven,60,angular_spread,los,14.700151367189909,17.858658149005603,-3.158506781815694,7.634394003558228,8.177502058387137,-0.5431080548289096,8676089
train,Leuven,60,angular_spread,nlos,8.229590103114228,8.421983898761143,-0.1923937956469146,1.7939126596790598,1.1519147999277457,0.6419978597513141,4076206
train,Ljubljana,90,path_loss,overall,1.6975195201185729,2.0453567662006953,-0.3478372460821224,0.888473387569826,1.2885342500149493,-0.4000608624451233,14047430
train,Ljubljana,90,path_loss,los,1.486521970602342,1.8655909738491523,-0.37906900324681025,0.7718164071384407,1.1792879201956619,-0.4074715130572212,12684619
train,Ljubljana,90,path_loss,nlos,3.022368162428114,3.27525527237905,-0.2528871099509362,1.9742800700145375,2.3053649843852946,-0.33108491437075704,1362811
train,Ljubljana,90,delay_spread,overall,23.053370614680343,24.12076702215879,-1.0673964074784479,6.723245546635552,6.1058438684817595,0.6174016781537928,18995540
train,Ljubljana,90,delay_spread,los,20.950816445457797,22.51938276920745,-1.5685663237496534,8.16550885305956,7.712672189469191,0.4528366635903689,12684619
train,Ljubljana,90,delay_spread,nlos,26.784708037298074,27.05424044939035,-0.26953241209227485,3.824371979305946,2.876203675225117,0.9481683040808289,6310921
train,Ljubljana,90,angular_spread,overall,11.918674884856138,14.527466705861638,-2.6087918210055,5.281716721398813,5.45115415743643,-0.16943743603761696,18995540
train,Ljubljana,90,angular_spread,los,13.133626260364439,16.548846981169486,-3.4152207208050473,7.001592133083579,7.52586128683191,-0.5242691537483308,12684619
train,Ljubljana,90,angular_spread,nlos,8.993185206760952,9.208057703416506,-0.21487249665555375,1.8248576791443771,1.2811021117770125,0.5437555673673646,6310921
train,Luanda,225,path_loss,overall,1.4874619155989743,2.0789476619513674,-0.591485746352393,0.9186981324654008,1.4219958724497177,-0.5032977399843169,26938440
train,Luanda,225,path_loss,los,1.4597672511919184,2.0778026727267904,-0.618035421534872,0.9055749318192264,1.4254170595959987,-0.5198421277767723,25493876
train,Luanda,225,path_loss,nlos,1.9112899704452406,2.09905179365203,-0.18776182320678947,1.1502984091582784,1.3616181200678832,-0.21131971090960477,1444564
train,Luanda,225,delay_spread,overall,8.382965564534912,8.883136155192247,-0.5001705906573353,1.923285678415239,1.933650841183313,-0.010365162768074088,35151895
train,Luanda,225,delay_spread,los,8.26168675242301,8.94175241695361,-0.6800656645306002,2.4388699299478334,2.511644011003123,-0.07277408105528949,25493876
train,Luanda,225,delay_spread,nlos,8.694978322827122,8.726518101442293,-0.03153977861517099,0.562319087403442,0.40794595761241786,0.1543731297910242,9658019
train,Luanda,225,angular_spread,overall,11.110185583771443,13.52345744581067,-2.4132718620392275,3.890109279913499,4.188703988755887,-0.29859470884238837,35151895
train,Luanda,225,angular_spread,los,12.647743977868446,15.545627893287966,-2.89788391541952,5.173716124402456,5.624151805912808,-0.45043568151035185,25493876
train,Luanda,225,angular_spread,nlos,5.197266996120015,5.264766589852333,-0.06749959373231817,0.5018250430182222,0.39961144015248684,0.10221360286573533,9658019
train,Lyon,295,path_loss,overall,1.5776396933150447,1.924839423102867,-0.3471997297878222,0.8453836127512055,1.2317999909340214,-0.3864163781828158,48896404
train,Lyon,295,path_loss,los,1.412428549462758,1.7762323562956313,-0.3638038068328733,0.7573383583292637,1.1468024361898526,-0.3894640778605889,45195055
train,Lyon,295,path_loss,nlos,2.919042257804463,3.2281276826583967,-0.30908542485393387,1.9204538768407347,2.269656569480885,-0.34920269264015036,3701349
train,Lyon,295,delay_spread,overall,22.969263423014997,24.469600470769297,-1.5003370477543,6.723779941441751,6.184136984304289,0.5396429571374615,62964335
train,Lyon,295,delay_spread,los,20.8707105284137,22.866523585499188,-1.9958130570854884,7.738651858075237,7.352937706020189,0.3857141520550478,45195055
train,Lyon,295,delay_spread,nlos,27.596822337586694,28.13833866271873,-0.5415163251320365,4.142516561887198,3.211365347905465,0.9311512139817326,17769280
train,Lyon,295,angular_spread,overall,11.480544962629459,14.23657117640472,-2.756026213775261,5.100568935175763,5.276095760885409,-0.17552682570964606,62964335
train,Lyon,295,angular_spread,los,12.354928725789934,15.781880525588983,-3.426951799799049,6.395247534807043,6.844385590397417,-0.4491380555903737,45195055
train,Lyon,295,angular_spread,nlos,8.876611577338327,9.203015718868102,-0.3264041415297747,1.807634637859087,1.287248535449416,0.520386102409671,17769280
train,Manaus,50,path_loss,overall,1.256360810545906,1.7850869846352326,-0.5287261740893265,0.7194663390493405,1.2001398268470447,-0.48067348779770414,6897370
train,Manaus,50,path_loss,los,1.2325862965734606,1.7790287087695291,-0.5464424121960685,0.7067574513530783,1.1974647970935872,-0.4907073457405089,6574324
train,Manaus,50,path_loss,nlos,1.6681384273266007,1.904196257435007,-0.23605783010840642,0.9781054960739858,1.2545795618864493,-0.2764740658124635,323046
train,Manaus,50,delay_spread,overall,6.004606059295379,6.305227372628598,-0.3006213133332185,1.4274909231269461,1.4658705166234847,-0.03837959349653852,8757490
train,Manaus,50,delay_spread,los,6.599188005026864,6.961612048102453,-0.3624240430755892,1.814601299098394,1.8883639250875832,-0.07376262598918926,6574324
train,Manaus,50,delay_spread,nlos,3.672616712579994,3.678643722517417,-0.006027009937423333,0.26175765848263144,0.19358589595813153,0.06817176252449991,2183166
train,Manaus,50,angular_spread,overall,10.486359298235701,13.058720108014361,-2.57236080977866,3.647563642664736,3.8994066293538445,-0.25184298668910854,8757490
train,Manaus,50,angular_spread,los,11.792100563707837,14.819647704661937,-3.0275471409541,4.722111550461309,5.085337345615306,-0.3632257951539968,6574324
train,Manaus,50,angular_spread,nlos,4.728976316669203,4.764091201602243,-0.035114884933039825,0.4117007767944804,0.328128595554941,0.08357218123953941,2183166
val,Marrakesh,75,path_loss,overall,1.075706792577974,1.4732604238431846,-0.3975536312652106,0.5613903168640336,0.9533145044561584,-0.3919241875921248,15964087
val,Marrakesh,75,path_loss,los,0.9812151026308562,1.3983115545126032,-0.41709645188174704,0.530060776651222,0.9257395508342183,-0.39567877418299635,15595617
val,Marrakesh,75,path_loss,nlos,3.0632636034067486,3.3585416588238135,-0.29527805541706487,1.8874238327729944,2.120433491571149,-0.2330096587981545,368470
val,Marrakesh,75,delay_spread,overall,16.963296491867553,17.645526746861357,-0.6822302549938044,4.3498261174977175,3.712691092400308,0.6371350250974097,17747100
val,Marrakesh,75,delay_spread,los,15.399096372785172,16.188794993564308,-0.7896986207791361,4.516642175811319,3.9019892926887727,0.6146528831225466,15595617
val,Marrakesh,75,delay_spread,nlos,25.58701930633743,25.858050546794356,-0.2710312404569244,3.140614224664763,2.34051111039447,0.8001031142702932,2151483
val,Marrakesh,75,angular_spread,overall,8.625613834623703,10.410627820186068,-1.7850139855623652,2.9515722375064093,2.832316706023889,0.1192555314825201,17747100
val,Marrakesh,75,angular_spread,los,8.844998068092128,10.799818069759649,-1.954820001667521,3.188907039204108,3.112225862957001,0.07668117624710691,15595617
val,Marrakesh,75,angular_spread,nlos,6.827758019725953,6.967299856823629,-0.13954183709767598,1.2311858194399463,0.8033178296392434,0.42786798980070295,2151483
val,Mexico City,650,path_loss,overall,1.8935222384563677,2.1034735611243476,-0.2099513226679799,1.1539984044112335,1.3478864833264896,-0.19388807891525617,73816994
val,Mexico City,650,path_loss,los,1.7255507458387174,1.9251909592154997,-0.19964021337678228,1.070478618117042,1.2455669738271087,-0.17508835571006665,65143408
val,Mexico City,650,path_loss,nlos,2.8550128497341674,3.1335259452442266,-0.2785130955100592,1.7812780386929241,2.1163623873550295,-0.33508434866210535,8673586
val,Mexico City,650,delay_spread,overall,21.819005155852164,23.03952235576862,-1.2205171999164577,5.991467200046333,5.289460658040633,0.7020065420057007,109831835
val,Mexico City,650,delay_spread,los,20.932284993289713,22.856309344852438,-1.9240243515627249,8.198962818038293,7.480408024566455,0.7185547934718377,65143408
val,Mexico City,650,delay_spread,nlos,23.05057521352089,23.304015898427547,-0.25344068490665705,2.773547152132562,2.095663399066222,0.67788375306634,44688427
val,Mexico City,650,angular_spread,overall,11.81888030801503,14.418409665159771,-2.599529357144741,5.104399823965806,5.118902159506064,-0.014502335540258038,109831835
val,Mexico City,650,angular_spread,los,13.965511325314527,17.55900265850486,-3.5934913331903324,7.6935570325069875,8.00344493456577,-0.309887902058783,65143408
val,Mexico City,650,angular_spread,nlos,7.681244081749785,7.841820203830631,-0.1605761220808457,1.3301223357348655,0.9140338791896747,0.4160884565451908,44688427
train,Minsk,215,path_loss,overall,1.8143372662094484,2.1554998511336723,-0.3411625849242239,0.9758626429721288,1.3837812272419014,-0.4079185842697727,32279718
train,Minsk,215,path_loss,los,1.5707559235090203,1.915525396632031,-0.34476947312301065,0.8310793440655905,1.2391910825953254,-0.4081117385297349,28535598
train,Minsk,215,path_loss,nlos,3.094518834033994,3.4773392132899468,-0.3828203792559526,2.0793204014728426,2.4857667865367845,-0.40644638506394193,3744120
train,Minsk,215,delay_spread,overall,29.375468584684256,31.163993752485545,-1.7885251678012892,9.804143301501902,9.197443584899192,0.6066997166027104,44553840
train,Minsk,215,delay_spread,los,26.37960445287953,29.03063254785159,-2.651028094972059,12.115526716401737,11.880682217578286,0.23484449882345082,28535598
train,Minsk,215,delay_spread,nlos,34.065832039140375,34.64046618150369,-0.5746341423633154,5.686543562330044,4.417404506054807,1.269139056275237,16018242
train,Minsk,215,angular_spread,overall,12.450523267632144,15.429635846641592,-2.9791125790094473,6.142834850556652,6.432251585069603,-0.289416734512951,44553840
train,Minsk,215,angular_spread,los,13.971316365666786,17.934083790757427,-3.9627674250906413,8.363752975756807,9.209993744589653,-0.8462407688328462,28535598
train,Minsk,215,angular_spread,nlos,9.134182269091125,9.445650994263367,-0.3114687251722419,2.186394064696175,1.4838599154326415,0.7025341492635335,16018242
val,Munich,140,path_loss,overall,1.788559126312459,2.104267460656744,-0.315708334344285,0.9604485125985239,1.3510023347696534,-0.39055382217112944,20229592
val,Munich,140,path_loss,los,1.5390328267370674,1.8708675659216247,-0.3318347391845573,0.8113320685346824,1.2040896232159939,-0.39275755468131146,17628092
val,Munich,140,path_loss,nlos,2.9707420422326876,3.273347674886964,-0.3026056326542763,1.9708803657679839,2.3465014779470117,-0.3756211121790278,2601500
val,Munich,140,delay_spread,overall,28.209171279338786,29.786082844509522,-1.576911565170736,9.713238874172793,9.110534237980634,0.6027046361921595,28421735
val,Munich,140,delay_spread,los,28.369211606408893,30.66517225802769,-2.295960651618799,13.104372714443514,12.744449646585405,0.3599230678581087,17628092
val,Munich,140,delay_spread,nlos,27.945823976560362,28.29168639740163,-0.34586242084126795,4.174865959835674,3.17565242719414,0.9992135326415337,10793643
val,Munich,140,angular_spread,overall,12.351260478007385,14.860857846876053,-2.5095973688686684,5.874710493901058,6.052635447286206,-0.1779249533851477,28421735
val,Munich,140,angular_spread,los,13.734949682275733,17.192625543672257,-3.457675861396524,8.19646506641927,8.860069338075201,-0.6636042716559309,17628092
val,Munich,140,angular_spread,nlos,9.6748760168824,9.938724150149582,-0.2638481332671816,2.082839308492686,1.4675567233574285,0.6152825851352575,10793643
train,Nagpur,300,path_loss,overall,1.7922333196656979,1.9922990511190042,-0.2000657314533063,1.1375482325180555,1.3076146775072048,-0.17006644498914936,38393412
train,Nagpur,300,path_loss,los,1.6250893684913277,1.8288460799311985,-0.20375671143987084,1.0591361523993623,1.2155427945059765,-0.15640664210661415,34338606
train,Nagpur,300,path_loss,nlos,2.8371194309387384,3.0427889420257115,-0.20566951108697307,1.8015902496097367,2.087336392496005,-0.28574614288626843,4054806
train,Nagpur,300,delay_spread,overall,20.02077092246617,21.23687360923605,-1.2161026867698794,5.871087162547914,5.218639932402607,0.6524472301453068,55503250
train,Nagpur,300,delay_spread,los,20.20216359742607,21.995924437992873,-1.7937608405668044,8.059874345811023,7.337711954016676,0.7221623917943472,34338606
train,Nagpur,300,delay_spread,nlos,19.7229211251772,19.94398652031955,-0.22106539514235024,2.319886390871839,1.7805486051294042,0.5393377857424346,21164644
train,Nagpur,300,angular_spread,overall,12.744786714627862,15.185382805297113,-2.440596090669251,5.400112161928581,5.4065993761485815,-0.006487214220000759,55503250
train,Nagpur,300,angular_spread,los,14.905203480238693,18.19228872459322,-3.2870852443545253,7.93121622504811,8.142963941033582,-0.2117477159854717,34338606
train,Nagpur,300,angular_spread,nlos,8.093925993603902,8.231702145580728,-0.13777615197682636,1.29351878243176,0.9669809440901577,0.3265378383416023,21164644
val,Nazareth,105,path_loss,overall,1.485496089414017,1.8342836837389165,-0.3487875943248995,0.745582638588587,1.145612552711238,-0.400029914122651,19693144
val,Nazareth,105,path_loss,los,1.2557015641457645,1.6411475126571986,-0.3854459485114341,0.643461680914608,1.0511099159414365,-0.40764823502682856,18365782
val,Nazareth,105,path_loss,nlos,3.3048985674421525,3.55695908837809,-0.25206052093593767,2.1585591389373797,2.4531794780919207,-0.294620339154541,1327362
val,Nazareth,105,delay_spread,overall,26.271855738846337,27.240010074885074,-0.9681543360387366,8.387793229172908,7.470684483191291,0.9171087459816176,24198170
val,Nazareth,105,delay_spread,los,24.737161553535046,25.948293192848567,-1.2111316393135212,9.53190107066364,8.634767404166347,0.8971336664972931,18365782
val,Nazareth,105,delay_spread,nlos,30.605862979754743,30.95743620315323,-0.3515732233984856,4.785077432980368,3.8050686071880353,0.980008825792333,5832388
val,Nazareth,105,angular_spread,overall,11.963957499840197,14.039817173518944,-2.075859673678748,5.254525850056533,5.115432114643122,0.13909373541341097,24198170
val,Nazareth,105,angular_spread,los,12.752345024886043,15.247843901973203,-2.49549887708716,6.2861355046456096,6.279359423065779,0.00677608157983034,18365782
val,Nazareth,105,angular_spread,nlos,9.043016881521897,9.257777538682431,-0.21476065716053405,2.006059111328583,1.4503064221517485,0.5557526891768343,5832388
val,Nice,35,path_loss,overall,1.6449467135332745,1.9916387156748165,-0.34669200214154205,0.8502808770125871,1.2810235084765185,-0.4307426314639313,5279585
val,Nice,35,path_loss,los,1.468851437256773,1.84937207671761,-0.38052063946083714,0.7478622652472059,1.1911591775937107,-0.4432969123465048,4818473
val,Nice,35,path_loss,nlos,2.9044229015945073,3.1107601337696136,-0.20633723217510624,1.920522499709898,2.220076922579149,-0.2995544228692508,461112
val,Nice,35,delay_spread,overall,20.284091582710072,21.156418009528668,-0.8723264268185957,6.608395296086321,5.526562256659937,1.0818330394263835,6966845
val,Nice,35,delay_spread,los,18.25163072616298,19.41082755143844,-1.1591968252754619,8.033656902300791,6.735064653781395,1.2985922485193964,4818473
val,Nice,35,delay_spread,nlos,24.230342613824398,24.62556823810882,-0.39522562428442143,3.411749684049388,2.8160745739230797,0.5956751101263085,2148372
val,Nice,35,angular_spread,overall,11.186787226976717,13.745555298925465,-2.558768071948748,5.185040762712533,5.158493595379257,0.026547167333276,6966845
val,Nice,35,angular_spread,los,12.122306263824475,15.397230884140667,-3.2749246203161917,6.753163268736797,6.902619590272686,-0.14945632153588928,4818473
val,Nice,35,angular_spread,nlos,8.731347560126807,8.999003602920267,-0.26765604279346,1.6679796369331426,1.2466832159079977,0.42129642102514486,2148372
test,Osaka,50,path_loss,overall,2.4296890737874035,2.563683410345678,-0.13399433655827453,1.6359037319187513,1.7107609272613074,-0.07485719534255608,5993502
test,Osaka,50,path_loss,los,2.0708264460739287,2.121006758055687,-0.05018031198175832,1.4620310189448518,1.4555685220740928,0.006462496870758949,4939297
test,Osaka,50,path_loss,nlos,3.670219102757053,4.035953577398096,-0.3657344746410427,2.4505546472593682,2.9064211433412055,-0.45586649608183727,1054205
test,Osaka,50,delay_spread,overall,37.25175055796739,38.91555301798336,-1.6638024600159724,12.239720853401803,11.216656653290615,1.0230642001111878,9488350
test,Osaka,50,delay_spread,los,35.998304329650246,38.866061596525434,-2.867757266875188,17.942387322527882,17.076028285249905,0.8663590372779773,4939297
test,Osaka,50,delay_spread,nlos,38.56662231711551,38.96921763657813,-0.4025953194626197,6.047846695088534,4.8546344116036435,1.1932122834848906,4549053
test,Osaka,50,angular_spread,overall,14.438822474496876,17.339456590751105,-2.9006341162542295,7.2478454433594885,7.2817149649306785,-0.03386952157118994,9488350
test,Osaka,50,angular_spread,los,17.86480344375558,22.182143534354122,-4.317340090598542,12.016234028344519,12.662371930155242,-0.6461379018107234,4939297
test,Osaka,50,angular_spread,nlos,9.397549640526154,9.635736117088259,-0.23818647656210423,2.070396846906348,1.4394742253952704,0.6309226215110775,4549053
train,Paris,320,path_loss,overall,2.0405401398305116,2.3567660554649366,-0.3162259156344249,1.1343729387659052,1.507554067179491,-0.37318112841358575,32306518
train,Paris,320,path_loss,los,1.7013315991307543,1.9880630084913522,-0.28673140936059793,0.9129614251446911,1.2693751803212088,-0.35641375517651763,27445544
train,Paris,320,path_loss,nlos,3.366044648482571,3.820880167983647,-0.45483551950107604,2.384484448783963,2.8523358424856333,-0.4678513937016704,4860974
train,Paris,320,delay_spread,overall,32.035224739959745,34.59266016711997,-2.557435427160229,10.546507445929656,10.154264055621887,0.3922433903077689,55771345
train,Paris,320,delay_spread,los,36.13842223491959,40.21301448908292,-4.074592254163335,17.397515095356944,17.5728141563289,-0.17529906097195536,27445544
train,Paris,320,delay_spread,nlos,27.481240823378954,28.09418402737289,-0.612943203993936,3.908402838793988,2.9662540824292747,0.9421487563647135,28325801
train,Paris,320,angular_spread,overall,11.430013278970874,14.05426500707162,-2.624251728100747,5.190560295603601,5.442521228097175,-0.2519609324935743,55771345
train,Paris,320,angular_spread,los,14.303926496818093,18.27594863344372,-3.9720221366256254,8.927875187148436,9.952747734323694,-1.0248725471752582,27445544
train,Paris,320,angular_spread,nlos,7.680260201241831,8.079353459971795,-0.39909325872996426,1.569386833208542,1.0724552018825677,0.4969316313259744,28325801
test,Phuket,50,path_loss,overall,1.8126876276807629,2.08579168779606,-0.2731040601152972,1.0190655733677925,1.3112063088865729,-0.2921407355187804,7742321
test,Phuket,50,path_loss,los,1.5707870039790357,1.8312784178972579,-0.26049141391822217,0.8919211760853208,1.1751909175824284,-0.2832697414971076,7088088
test,Phuket,50,path_loss,nlos,3.486150041053413,3.892510458604081,-0.4063604175506681,2.3965727421155467,2.784823690295425,-0.3882509481798784,654233
test,Phuket,50,delay_spread,overall,36.903874877631274,39.667456814442644,-2.76358193681137,14.46924753195478,13.929167019016319,0.5400805129384612,10236340
test,Phuket,50,delay_spread,los,38.16280777317087,41.80161541130255,-3.6388076381316807,18.63161706897368,18.28199250343499,0.34962456553869004,7088088
test,Phuket,50,delay_spread,nlos,33.89877039054934,34.38102136290378,-0.4822509723544428,5.097937710621123,4.1290589455442035,0.9688787650769193,3148252
test,Phuket,50,angular_spread,overall,13.608768610249584,16.26208746681113,-2.6533188565615475,6.578031517185342,6.796413363443379,-0.21838184625803692,10236340
test,Phuket,50,angular_spread,los,15.203355468274225,18.53663936515294,-3.333283896878715,8.687655044456276,9.226896109888873,-0.5392410654325968,7088088
test,Phuket,50,angular_spread,nlos,9.042116900533646,9.287137751886862,-0.24502085135321572,1.8283491860795693,1.3243369171899233,0.504012268889646,3148252
test,Pune,135,path_loss,overall,1.9217444829738863,2.1928959888048443,-0.27115150583095793,1.0900523862710536,1.3941270309592597,-0.3040746446882061,18959018
test,Pune,135,path_loss,los,1.6270722968516724,1.9152491962296219,-0.28817689937794944,0.9303299802653846,1.2328708757734956,-0.30254089550811103,16864297
test,Pune,135,path_loss,nlos,3.4802564293363805,3.740548884719686,-0.2602924553833055,2.3759544291042496,2.69237708709144,-0.31642265798719027,2094721
test,Pune,135,delay_spread,overall,32.90665338399386,34.55709063572434,-1.6504372517304802,10.686385886860304,9.999363213046177,0.687022673814127,27975945
test,Pune,135,delay_spread,los,35.00664732773239,37.38138526935573,-2.3747379416233443,15.10526756667491,14.393151168084172,0.7121163985907373,16864297
test,Pune,135,delay_spread,nlos,29.43459387945336,29.76290255137502,-0.32830867192166124,3.9797897511351525,3.3308526389707427,0.6489371121644099,11111648
test,Pune,135,angular_spread,overall,13.040244942120987,15.234924042824499,-2.194679100703512,5.864622043696268,5.807021796321637,0.057600247374630875,27975945
test,Pune,135,angular_spread,los,15.222524350579562,18.221351993590325,-2.998827643010763,8.680178565133739,8.832724413757873,-0.15254584862413445,16864297
test,Pune,135,angular_spread,nlos,8.742973507927488,8.970002572702334,-0.22702906477484674,1.5914142838504701,1.2148723645915422,0.3765419192589279,11111648
train,Rio de Janeiro,985,path_loss,overall,1.542052123909905,1.815904912638627,-0.2738527887287221,0.8566792068840253,1.1477976999279689,-0.29111849304394355,146572689
train,Rio de Janeiro,985,path_loss,los,1.3501527201099353,1.6333490845151033,-0.28319636440516804,0.7653502220100136,1.053185031201306,-0.28783480919129245,136921508
train,Rio de Janeiro,985,path_loss,nlos,3.201858379043624,3.497258084321401,-0.2953997052777768,2.1523654479104866,2.4900696325094462,-0.3377041845989597,9651181
train,Rio de Janeiro,985,delay_spread,overall,29.625854675731922,31.83885063856507,-2.2129959628331477,9.600580063097041,8.899286567685586,0.7012934954114556,201884130
train,Rio de Janeiro,985,delay_spread,los,32.466261623020586,35.33953988031819,-2.8732782572976063,12.925571407331086,12.19907341249456,0.7264979948365262,136921508
train,Rio de Janeiro,985,delay_spread,nlos,22.493629317049944,22.760578453071194,-0.2669491360212497,2.5925067681774427,1.9443365988772285,0.6481701693002142,64962622
train,Rio de Janeiro,985,angular_spread,overall,10.770285251587547,12.663977510906282,-1.893692259318735,4.508767938803335,4.262735168323738,0.24603277047959704,201884130
train,Rio de Janeiro,985,angular_spread,los,12.304852505342161,14.69182164031765,-2.386969134975489,6.136797733142866,5.944943149903681,0.19185458323918514,136921508
train,Rio de Janeiro,985,angular_spread,nlos,6.431544405519605,6.592073967235049,-0.16052956171544341,1.0773747720347477,0.7171508309965796,0.3602239410381681,64962622
val,Salvador,105,path_loss,overall,1.8586722745691842,2.04126553123275,-0.18259325666356574,1.1539081722921656,1.3145425002456168,-0.16063432795345123,14433046
val,Salvador,105,path_loss,los,1.7514854591609799,1.9245860207008874,-0.1731005615399075,1.1012020306972001,1.2495855881189954,-0.14838355742179532,13254401
val,Salvador,105,path_loss,nlos,2.7939612122079263,3.061113492874787,-0.2671522806668607,1.74661275477378,2.045012612780957,-0.29839985800717694,1178645
val,Salvador,105,delay_spread,overall,22.24939962871093,24.094505558007892,-1.8451059292969632,6.979985843450031,6.394064311530575,0.585921531919456,19716580
val,Salvador,105,delay_spread,los,23.353257434242693,25.845255281391903,-2.491997847149211,9.181259753128414,8.677309148462273,0.5039506046661408,13254401
val,Salvador,105,delay_spread,nlos,19.79361294829456,20.030370004594108,-0.2367570562995489,2.465012442958177,1.7109622258325483,0.7540502171256287,6462179
val,Salvador,105,angular_spread,overall,12.405651250746876,15.123505015183966,-2.7178537644370895,5.531078321836241,5.640621779360315,-0.10954345752407413,19716580
val,Salvador,105,angular_spread,los,14.411697071052505,17.841977536663563,-3.430280465611059,7.649183435609425,8.014737924949419,-0.3655544893399938,13254401
val,Salvador,105,angular_spread,nlos,6.5999206832304,6.701637312361165,-0.10171662913076496,1.186689987063144,0.7711361564757413,0.4155538305874027,6462179
train,Santiago,700,path_loss,overall,1.391571622907017,1.8168928678598264,-0.42532124495280943,0.8217628853766488,1.2114376703669323,-0.3896747849902835,100118644
train,Santiago,700,path_loss,los,1.3158874681784396,1.76185343361639,-0.4459659654379504,0.7916692488157094,1.1841756630954219,-0.39250641427971245,94150962
train,Santiago,700,path_loss,nlos,2.2736148497839515,2.5315393492461564,-0.25792449946220497,1.296544306664819,1.6415450173423336,-0.3450007106775146,5967682
train,Santiago,700,delay_spread,overall,11.898993808742519,12.377445751591035,-0.47845194284851544,2.517250462540265,2.485977086974925,0.03127337556533982,128887090
train,Santiago,700,delay_spread,los,11.194158753461682,11.842418555371719,-0.6482598019100365,3.0454449005988384,3.1021918821777414,-0.05674698157890301,94150962
train,Santiago,700,delay_spread,nlos,13.62732059705847,13.723122521939867,-0.09580192488139794,1.0855993595144235,0.8157502049831878,0.2698491545312357,34736128
train,Santiago,700,angular_spread,overall,10.925215759192916,13.277984953151623,-2.352769193958707,4.010111974915378,4.1798082481822725,-0.16969627326689452,128887090
train,Santiago,700,angular_spread,los,12.243646173364734,15.081581063598765,-2.837934890234031,5.211753561394381,5.519557891535238,-0.30780433014085773,94150962
train,Santiago,700,angular_spread,nlos,6.046909883638457,6.137336706409162,-0.0904268227707048,0.7531078698143738,0.548467444363331,0.20464042545104288,34736128
val,Segovia,30,path_loss,overall,0.9677015516273539,1.3612913325029483,-0.3935897808755944,0.5054386457089637,0.8866498736103642,-0.3812112279014005,6190381
val,Segovia,30,path_loss,los,0.888290421762933,1.2884952017489444,-0.40020477998601134,0.4750143138981006,0.8564316535783197,-0.3814173396802191,6064746
val,Segovia,30,path_loss,nlos,2.83746257819724,3.3413542832134095,-0.5038917050161698,1.9741045700852364,2.3453653014706775,-0.371260731385441,125635
val,Segovia,30,delay_spread,overall,14.319492126089184,14.525387414503973,-0.20589528841478888,4.634353547292633,3.6064351435511597,1.0279184037414737,6881780
val,Segovia,30,delay_spread,los,13.847036514340187,14.054491497937605,-0.2074549835974171,4.964592243949705,3.8797357030183126,1.0848565409313928,6064746
val,Segovia,30,delay_spread,nlos,17.430642498563035,17.631936190810052,-0.20129369224701676,2.1830319158621405,1.5777571156525814,0.6052748002095591,817034
val,Segovia,30,angular_spread,overall,7.286645831365674,8.443417384989953,-1.1567715536242789,2.767345844979424,2.3067063896895132,0.4606394552899107,6881780
val,Segovia,30,angular_spread,los,7.459761718409634,8.727514116112154,-1.2677523977025196,3.0078746857246785,2.5322122227738393,0.47566246295083925,6064746
val,Segovia,30,angular_spread,nlos,5.843440637071739,5.9229171479647995,-0.07947651089306085,0.981929201354999,0.63280321301573,0.349125988339269,817034
train,Shanghai,770,path_loss,overall,2.0153255577147724,2.3201680399000595,-0.3048424821852871,1.154737790234142,1.4806313926363637,-0.32589360240222165,108713950
train,Shanghai,770,path_loss,los,1.648888222799761,1.9398556316896671,-0.29096740888990613,0.94929378484579,1.257470686788277,-0.30817690194248704,93733537
train,Shanghai,770,path_loss,nlos,3.5302887288160387,3.939608236121743,-0.4093195073057041,2.4402159016067113,2.8769641670758066,-0.4367482654690953,14980413
train,Shanghai,770,delay_spread,overall,39.00539499522395,41.563862381159296,-2.5584673859353444,14.78756739463532,13.712733526504783,1.0748338681305363,159107040
train,Shanghai,770,delay_spread,los,39.758790925205005,43.61045033169971,-3.8516594064947043,20.71194541318243,19.90922185831167,0.8027235548707594,93733537
train,Shanghai,770,delay_spread,nlos,37.899041177699836,38.43977852745094,-0.5407373497511045,6.293102754299247,4.828112985760538,1.4649897685387092,65373503
train,Shanghai,770,angular_spread,overall,12.610788313791263,14.981759813710605,-2.3709714999193423,6.548290104423864,6.322620384281668,0.22566972014219555,159107040
train,Shanghai,770,angular_spread,los,14.451018179331962,17.786585766685622,-3.33556758735366,9.553488702380578,9.713996016883543,-0.16050731450296496,93733537
train,Shanghai,770,angular_spread,nlos,9.360985671712461,9.62662234527344,-0.2656366735609783,2.2393899730884543,1.4600136810624254,0.779376292026029,65373503
train,Siem Reap,115,path_loss,overall,1.4542339692714685,1.7587475899311291,-0.3045136206596606,0.7922779753616422,1.1214005190355367,-0.3291225436738945,21750293
train,Siem Reap,115,path_loss,los,1.3425415616319003,1.666548704909659,-0.3240071432777587,0.7398354188030186,1.0729780617843665,-0.3331426429813479,20623162
train,Siem Reap,115,path_loss,nlos,2.798285157990298,2.978515404030238,-0.18023024603993987,1.7518216840640624,2.0073882902012734,-0.25556660613721105,1127131
train,Siem Reap,115,delay_spread,overall,15.992735875313633,17.024503416603775,-1.031767541290142,4.7165882302956375,4.077061714441027,0.6395265158546106,25927000
train,Siem Reap,115,delay_spread,los,13.86062860594129,15.175201400278775,-1.3145727943374848,5.099002379051403,4.510195698742754,0.5888066803086494,20623162
train,Siem Reap,115,delay_spread,nlos,22.433526412591867,22.833593924833277,-0.40006751224141013,3.229629219060829,2.3928865571554647,0.8367426619053644,5303838
train,Siem Reap,115,angular_spread,overall,11.05854130933152,13.341810332871098,-2.283269023539578,4.602375430897327,4.535888676922224,0.06648675397510306,25927000
train,Siem Reap,115,angular_spread,los,11.517031327855799,14.202978156401175,-2.685946828545376,5.353127252321928,5.389923294664392,-0.036796042342463586,20623162
train,Siem Reap,115,angular_spread,nlos,9.057831682184272,9.261190610335147,-0.20335892815087497,1.6831917666196363,1.215105790175243,0.4680859764443934,5303838
train,St. Louis,305,path_loss,overall,1.6154376435374995,1.9686383029227748,-0.35320065938527523,0.8484150405438408,1.249293456820866,-0.40087841627702525,53608266
train,St. Louis,305,path_loss,los,1.4280283810586751,1.791673688723695,-0.3636453076650199,0.7543880373336802,1.1546020197470308,-0.4002139824133506,48666117
train,St. Louis,305,path_loss,nlos,2.868134987940189,3.2292801673919067,-0.36114517945171754,1.7743137716552737,2.1817349543087485,-0.4074211826534748,4942149
train,St. Louis,305,delay_spread,overall,21.967874667355137,23.195539123530637,-1.2276644561755,7.124539780737584,6.3254275079709705,0.7991122727666138,67618805
train,St. Louis,305,delay_spread,los,19.4237243295372,21.131793324365855,-1.708068994828654,8.24263390754624,7.538171306126602,0.7044626014196389,48666117
train,St. Louis,305,delay_spread,nlos,27.440664939808602,27.801679402071166,-0.3610144622625633,4.253532754619574,3.211381973840233,1.0421507807793406,18952688
train,St. Louis,305,angular_spread,overall,12.147263163684052,14.824372528279762,-2.67710936459571,5.7530535309413,5.8521866651384,-0.09913313419709979,67618805
train,St. Louis,305,angular_spread,los,12.657896882611587,16.07186346439643,-3.413966581784843,7.07685684796814,7.468448547724308,-0.3915916997561677,48666117
train,St. Louis,305,angular_spread,nlos,10.725285142785884,10.990591063890971,-0.265305921105087,2.353832946666796,1.7020001508609406,0.6518327958058556,18952688
test,Surat,190,path_loss,overall,1.5634704449852739,1.6969797894086127,-0.13350934442333884,0.9313443528047848,1.0685465292452634,-0.1372021764404786,29062373
test,Surat,190,path_loss,los,1.4399050632096324,1.5592984397364205,-0.11939337652678805,0.8700502650024534,0.9954102801093508,-0.12536001510689743,27329859
test,Surat,190,path_loss,nlos,2.8807349254251973,3.1546766598330875,-0.27394173440789027,1.8982392332303095,2.2222477047288414,-0.32400847149853185,1732514
test,Surat,190,delay_spread,overall,23.4494060499921,24.22881339911696,-0.7794073491248596,6.876029214299001,5.941225370226593,0.934803844072408,37310090
test,Surat,190,delay_spread,los,24.6636232344617,25.601635175087257,-0.9380119406255574,8.535194628496802,7.514361238849147,1.0208333896476551,27329859
test,Surat,190,delay_spread,nlos,19.745841422782092,19.99264965028968,-0.24680822750758935,2.332571185310673,1.6333506932387982,0.699220492071875,9980231
test,Surat,190,angular_spread,overall,10.184739620238675,12.079782194340067,-1.8950425741013923,3.978375708548173,3.8356622516156573,0.14271345693251547,37310090
test,Surat,190,angular_spread,los,11.122162855533778,13.440883374882585,-2.3187205193488065,5.03116317094322,4.963381329534633,0.06778184140858645,27329859
test,Surat,190,angular_spread,nlos,7.002375616158301,7.1273787689632595,-0.12500315280495844,1.095422957921655,0.7475169488719342,0.3479060090497208,9980231
train,Thane,20,path_loss,overall,2.1775017032964357,2.3116165731329645,-0.13411486983652887,1.4193347310409214,1.5130377935354693,-0.09370306249454785,2407290
train,Thane,20,path_loss,los,1.8556564001650633,1.958414047074463,-0.10275764690939981,1.248145486486454,1.3079418297935577,-0.059796343307103594,2086055
train,Thane,20,path_loss,nlos,3.6291718387499063,3.890696047255618,-0.26152420850571145,2.531013711380128,2.84490202667537,-0.3138883152952423,321235
train,Thane,20,delay_spread,overall,36.481180065380606,39.657213811500164,-3.1760337461195576,13.784938532368262,13.118271744358786,0.6666667880094757,3820100
train,Thane,20,delay_spread,los,41.24829426070088,46.00693543527453,-4.758641174573647,20.94952494061758,20.917918031883147,0.03160690873443173,2086055
train,Thane,20,delay_spread,nlos,29.750811057642228,30.303977508238358,-0.5531664505961302,5.1659456201283,3.7353017165944236,1.430643903533876,1734045
train,Thane,20,angular_spread,overall,13.317927789143589,16.20423824937416,-2.886310460230572,6.367162590638989,6.43208027931206,-0.0649176886730709,3820100
train,Thane,20,angular_spread,los,16.264169634916612,20.406306599069968,-4.142136964153355,10.03446575893253,10.715837594766198,-0.6813718358336676,2086055
train,Thane,20,angular_spread,nlos,8.515783424148996,8.803857635804295,-0.28807421165529945,1.9553992407686884,1.278722728788436,0.6766765119802525,1734045
train,Toledo,30,path_loss,overall,1.4554906834163819,1.8042493780188924,-0.3487586946025105,0.8037503691720148,1.1670742717128815,-0.36332390254086666,4827526
train,Toledo,30,path_loss,los,1.3860645887473535,1.7394045978508232,-0.35334000910346974,0.7661861810227845,1.1278945696783835,-0.36170838865559907,4621218
train,Toledo,30,path_loss,nlos,2.556834778814959,2.8987005068908904,-0.3418657280759314,1.645173394823554,2.0446842367486315,-0.39951084192507746,206308
train,Toledo,30,delay_spread,overall,15.267653467926342,15.844987626589848,-0.5773341586635059,3.522432023237116,3.133756651628581,0.38867537160853516,5976215
train,Toledo,30,delay_spread,los,15.106829437548152,15.83273648794693,-0.7259070503987779,4.083672575268577,3.7172784300994888,0.36639414516908797,4621218
train,Toledo,30,delay_spread,nlos,15.803839385651518,15.886700435080872,-0.08286104942935424,1.6083208700810747,1.1436555167839935,0.46466535329708125,1354997
train,Toledo,30,angular_spread,overall,9.735344357239413,11.868755694743388,-2.1334113375039756,3.353181045088739,3.376112427425846,-0.022931382337106676,5976215
train,Toledo,30,angular_spread,los,10.5084061552893,13.023787282370689,-2.5153811270813886,4.06678560750921,4.178819442190349,-0.1120338346811387,4621218
train,Toledo,30,angular_spread,nlos,6.4345714436022545,6.542916678444092,-0.10834523484183745,0.9194325409399962,0.6384798107842717,0.2809527301557244,1354997
val,Tunis,400,path_loss,overall,1.368770629460596,1.6761789393167406,-0.30740830985614465,0.8327668096333621,1.1128957603904015,-0.28012895075703936,64605300
val,Tunis,400,path_loss,los,1.3312777627020642,1.645534837863963,-0.3142570751618987,0.8157362815913921,1.0969406345371857,-0.2812043529457936,61908003
val,Tunis,400,path_loss,nlos,2.0486603859951833,2.2684505268361517,-0.21979014084096837,1.2236493032341367,1.4790958189633294,-0.25544651572919275,2697297
val,Tunis,400,delay_spread,overall,10.645166158508056,11.101297782339891,-0.45613162383183514,2.497075328939957,2.3413624052027804,0.15571292373717682,77897195
val,Tunis,400,delay_spread,los,10.096685580304701,10.66624201578277,-0.5695564354780682,2.8963422248417743,2.7655003597889034,0.13084186505287088,61908003
val,Tunis,400,delay_spread,nlos,12.544634063616513,12.64538383166222,-0.10074976804570746,0.951167621725756,0.699157234055551,0.252010387670205,15989192
val,Tunis,400,angular_spread,overall,10.487137032637456,12.676914136005948,-2.189777103368492,3.6396606872064683,3.749274543012067,-0.10961385580559879,77897195
val,Tunis,400,angular_spread,los,11.422430747710388,13.93280966926843,-2.5103789215580417,4.412253655240512,4.594328672154875,-0.18207501691436256,61908003
val,Tunis,400,angular_spread,nlos,5.535181410543662,5.59554692449411,-0.060365513950448424,0.648284537974306,0.4773384623085271,0.17094607566577885,15989192
train,Valparaiso,70,path_loss,overall,1.7938120162376805,1.9465745970716672,-0.15276258083398675,1.1583877278379873,1.2514878376267602,-0.09310010978877292,10403500
train,Valparaiso,70,path_loss,los,1.7636646879540987,1.904631813836227,-0.14096712588212834,1.151861115385478,1.2262159063696174,-0.07435479098413933,9673297
train,Valparaiso,70,path_loss,nlos,2.15372356223151,2.4349559290041336,-0.28123236677262353,1.2448485063105117,1.5862752822710746,-0.3414267759605629,730203
train,Valparaiso,70,delay_spread,overall,16.068830842524893,16.59527577676249,-0.526444934237599,3.482295128648405,3.3218844945576484,0.1604106340907565,13427100
train,Valparaiso,70,delay_spread,los,17.132185354637386,17.79896411208788,-0.6667787574504942,4.457976982117628,4.2804313909531055,0.17754559116452207,9673297
train,Valparaiso,70,delay_spread,nlos,12.9317511404151,12.989159721307756,-0.057408580892655436,0.9680293128289865,0.8517735211889315,0.11625579164005506,3753803
train,Valparaiso,70,angular_spread,overall,11.60979532126486,14.009708903306459,-2.3999135820415987,4.411133492895781,4.596109834068961,-0.18497634117318018,13427100
train,Valparaiso,70,angular_spread,los,13.007709510069885,15.94210950091574,-2.9343999908458542,5.788752382832218,6.102649846797646,-0.3138974639654277,9673297
train,Valparaiso,70,angular_spread,nlos,6.790210485591067,6.864538925485082,-0.07432843989401494,0.8611025407492826,0.7138577322103971,0.14724480853888555,3753803
test,Vancouver,505,path_loss,overall,1.451093865093264,1.8326742504380664,-0.3815803853448023,0.7960817803926629,1.178985947363654,-0.38290416697099106,94375681
test,Vancouver,505,path_loss,los,1.356146527744492,1.7389792240094943,-0.3828326962650024,0.7549682409367657,1.13195576583306,-0.37698752489629417,89454076
test,Vancouver,505,path_loss,nlos,2.6363325283825256,3.0726462060475197,-0.43631367766499407,1.5433529433522253,2.0337968928077106,-0.4904439494554853,4921605
test,Vancouver,505,delay_spread,overall,17.570161990640464,18.45221657987047,-0.8820545892300053,4.417888236791977,4.060456071124343,0.3574321656676336,113014260
test,Vancouver,505,delay_spread,los,16.72686221969592,17.818729404830865,-1.0918671851349444,4.943457293434985,4.668760268310049,0.27469702512493654,89454076
test,Vancouver,505,delay_spread,nlos,20.457886772304487,20.68150766757346,-0.22362089526897222,2.422390391641401,1.7508268140637437,0.6715635775776574,23560184
test,Vancouver,505,angular_spread,overall,10.700180393421858,13.184858331984465,-2.4846779385626068,4.3991337231884495,4.549192701745392,-0.1500589785569426,113014260
test,Vancouver,505,angular_spread,los,11.199341445748281,14.12914592977491,-2.9298044840266293,5.162558515552578,5.469551697415806,-0.3069931818632279,89454076
test,Vancouver,505,angular_spread,nlos,8.543372264115494,8.712722582219676,-0.16935031810418266,1.5005375855398524,1.0547436142335356,0.4457939713063168,23560184
train,Venice,100,path_loss,overall,1.1428992389903503,1.4783103979533596,-0.3354111589630093,0.6064435082950728,0.9555676887749511,-0.34912418047987837,18472472
train,Venice,100,path_loss,los,1.07626359784462,1.4256758984329836,-0.3494123005883636,0.5788006565617831,0.9292812040028969,-0.3504805474411138,18013023
train,Venice,100,path_loss,nlos,2.665290996675472,2.8597183508858817,-0.19442735421040958,1.6902009679333097,1.9861477291553475,-0.2959467612220379,459449
train,Venice,100,delay_spread,overall,15.953730275796072,16.9551380431809,-1.0014077673848263,4.656228352311363,3.730821700154017,0.9254066521573456,21309290
train,Venice,100,delay_spread,los,16.51480019229812,17.64652995340458,-1.1317297611064596,5.2963822636128315,4.267644043128547,1.0287382204842848,18013023
train,Venice,100,delay_spread,nlos,12.448731898599931,12.519729343544867,-0.0709974449449362,1.1579964332612345,0.7972623606235789,0.36073407263765556,3296267
train,Venice,100,angular_spread,overall,8.369069399817178,10.114420956104539,-1.7453515562873605,2.9439603117650033,2.669323041759585,0.27463727000541827,21309290
train,Venice,100,angular_spread,los,8.78545570750226,10.73220490581072,-1.94674919830846,3.3556300643142807,3.0694707221854287,0.28615934212885197,18013023
train,Venice,100,angular_spread,nlos,5.568452165851707,5.650094372391729,-0.08164220654002197,0.6943196989703324,0.482646535324635,0.21167316364569744,3296267
val,Victoria,255,path_loss,overall,1.4383388486918884,1.7687137362876186,-0.3303748875957302,0.8047342118746823,1.1433646668102448,-0.33863045493556254,49819539
val,Victoria,255,path_loss,los,1.371753264836508,1.707809636756295,-0.3360563719197869,0.7762132425687759,1.1115379578290983,-0.33532471526032237,47685179
val,Victoria,255,path_loss,nlos,2.499841155754116,2.803364517021396,-0.3035233612672803,1.4419405200103004,1.8544267574170108,-0.4124862374067104,2134360
val,Victoria,255,delay_spread,overall,13.049008265306792,13.577165725483182,-0.5281574601763896,3.322852730887199,2.9988184628648407,0.32403426802235824,58276780
val,Victoria,255,delay_spread,los,12.362704989508371,13.004465056888861,-0.6417600673804902,3.637420456744537,3.3663916580217723,0.27102879872276464,47685179
val,Victoria,255,delay_spread,nlos,15.773239573798268,15.902118905745743,-0.12887933194747525,1.9066156831091188,1.3439417389916843,0.5626739441174344,10591601
val,Victoria,255,angular_spread,overall,10.576140740756621,13.09713223605419,-2.5209914952975687,4.1920846457306835,4.353795064528702,-0.16171041879801873,58276780
val,Victoria,255,angular_spread,los,11.01265405639967,13.914298904650282,-2.901644848250612,4.811650834366494,5.092951421731976,-0.28130058736548147,47685179
val,Victoria,255,angular_spread,nlos,8.332300074336164,8.494657670727307,-0.16235759639114278,1.4026928396105958,1.0259879373293423,0.3767049022812534,10591601
train,Vienna,200,path_loss,overall,1.732698310995506,2.069921458642812,-0.337223147647306,0.9099767590282155,1.3034795269619337,-0.3935027679337182,28338185
train,Vienna,200,path_loss,los,1.4834208966863387,1.818879155836392,-0.33545825915005323,0.7707959695542606,1.1626348799401591,-0.3918389103858986,25673610
train,Vienna,200,path_loss,nlos,3.275180753501631,3.7001262133682715,-0.42494545986664045,2.2510060901544673,2.6605403853668474,-0.40953429521238016,2664575
train,Vienna,200,delay_spread,overall,26.90239788789361,28.589330659804887,-1.6869327719112768,8.745735599331287,8.114072125565748,0.6316634737655384,40471850
train,Vienna,200,delay_spread,los,26.757813172750062,29.137921017499256,-2.380107844749194,11.481496366428429,11.069909719975659,0.4115866464527702,25673610
train,Vienna,200,delay_spread,nlos,27.15141247642092,27.611729446096028,-0.4603169696751088,3.999437731228624,2.985960801844333,1.0134769293842907,14798240
train,Vienna,200,angular_spread,overall,11.179219353202608,13.65311566568094,-2.473896312478331,5.098731524010189,5.201532107154417,-0.10280058314422824,40471850
train,Vienna,200,angular_spread,los,12.91439923923653,16.17485550997817,-3.2604562707416385,7.186648419638304,7.636275454278641,-0.44962703464033726,25673610
train,Vienna,200,angular_spread,nlos,7.241822096749159,7.47732994831516,-0.23550785156600096,1.476384211648689,0.977472244280022,0.49891196736866694,14798240
